id_seqFait,id_temps,id_seqEmployee,id_seqClient,nb_commandes_livrees,nb_commandes_non_livrees
1,7,17,85,1,0
2,7,18,85,1,0
3,7,19,85,1,0
4,7,20,85,1,0
5,7,21,85,1,0
6,7,22,85,1,0
7,7,23,85,1,0
8,7,17,14,1,0
9,7,18,14,1,0
10,7,19,14,1,0
11,7,20,14,1,0
12,7,21,14,1,0
13,7,22,14,1,0
14,7,23,14,1,0
15,7,17,89,1,0
16,7,18,89,1,0
17,7,19,89,1,0
18,7,20,89,1,0
19,7,21,89,1,0
20,7,22,89,1,0
21,7,23,89,1,0
22,7,1,20,1,0
23,7,2,20,1,0
24,7,24,79,1,0
25,7,25,79,1,0
26,7,26,79,1,0
27,7,27,79,1,0
28,7,28,79,1,0
29,7,24,24,1,0
30,7,25,24,1,0
31,7,26,24,1,0
32,7,27,24,1,0
33,7,28,24,1,0
34,7,3,7,1,0
35,7,4,7,1,0
36,7,5,7,1,0
37,7,6,7,1,0
38,7,7,7,1,0
39,7,8,7,1,0
40,7,9,7,1,0
41,7,14,34,1,0
42,7,15,34,1,0
43,7,16,34,1,0
44,7,14,76,1,0
45,7,15,76,1,0
46,7,16,76,1,0
47,7,14,35,1,0
48,7,15,35,1,0
49,7,16,35,1,0
50,7,14,13,1,0
51,7,15,13,1,0
52,7,16,13,1,0
53,7,14,56,1,0
54,7,15,56,1,0
55,7,16,56,1,0
56,7,14,61,1,0
57,7,15,61,1,0
58,7,16,61,1,0
59,8,1,87,1,0
60,8,2,87,1,0
61,8,24,85,1,0
62,8,25,85,1,0
63,8,26,85,1,0
64,8,27,85,1,0
65,8,28,85,1,0
66,8,24,61,1,0
67,8,25,61,1,0
68,8,26,61,1,0
69,8,27,61,1,0
70,8,28,61,1,0
71,8,24,65,1,0
72,8,25,65,1,0
73,8,26,65,1,0
74,8,27,65,1,0
75,8,28,65,1,0
76,8,24,75,1,0
77,8,25,75,1,0
78,8,26,75,1,0
79,8,27,75,1,0
80,8,28,75,1,0
81,8,3,5,1,0
82,8,4,5,1,0
83,8,5,5,1,0
84,8,6,5,1,0
85,8,7,5,1,0
86,8,8,5,1,0
87,8,9,5,1,0
88,8,29,11,1,0
89,8,30,11,1,0
90,8,31,11,1,0
91,8,32,11,1,0
92,8,33,11,1,0
93,8,34,11,1,0
94,8,35,11,1,0
95,8,36,11,1,0
96,8,37,11,1,0
97,8,38,11,1,0
98,8,14,65,1,0
99,8,15,65,1,0
100,8,16,65,1,0
101,9,17,7,1,0
102,9,18,7,1,0
103,9,19,7,1,0
104,9,20,7,1,0
105,9,21,7,1,0
106,9,22,7,1,0
107,9,23,7,1,0
108,9,1,65,2,0
109,9,2,65,2,0
110,9,1,18,1,0
111,9,2,18,1,0
112,9,3,85,1,0
113,9,4,85,1,0
114,9,5,85,1,0
115,9,6,85,1,0
116,9,7,85,1,0
117,9,8,85,1,0
118,9,9,85,1,0
119,9,29,2,1,0
120,9,30,2,1,0
121,9,31,2,1,0
122,9,32,2,1,0
123,9,33,2,1,0
124,9,34,2,1,0
125,9,35,2,1,0
126,9,36,2,1,0
127,9,37,2,1,0
128,9,38,2,1,0
129,9,14,76,1,0
130,9,15,76,1,0
131,9,16,76,1,0
132,10,17,87,2,0
133,10,18,87,2,0
134,10,19,87,2,0
135,10,20,87,2,0
136,10,21,87,2,0
137,10,22,87,2,0
138,10,23,87,2,0
139,10,1,9,1,0
140,10,2,9,1,0
141,10,3,24,1,0
142,10,4,24,1,0
143,10,5,24,1,0
144,10,6,24,1,0
145,10,7,24,1,0
146,10,8,24,1,0
147,10,9,24,1,0
148,10,14,8,1,0
149,10,15,8,1,0
150,10,16,8,1,0
151,11,1,20,1,0
152,11,2,20,1,0
153,11,1,19,1,0
154,11,2,19,1,0
155,11,24,4,1,0
156,11,25,4,1,0
157,11,26,4,1,0
158,11,27,4,1,0
159,11,28,4,1,0
160,11,3,20,1,0
161,11,4,20,1,0
162,11,5,20,1,0
163,11,6,20,1,0
164,11,7,20,1,0
165,11,8,20,1,0
166,11,9,20,1,0
167,11,14,7,1,0
168,11,15,7,1,0
169,11,16,7,1,0
170,11,14,17,1,0
171,11,15,17,1,0
172,11,16,17,1,0
173,7,14,25,1,0
174,7,15,25,1,0
175,7,16,25,1,0
176,10,14,25,2,0
177,10,15,25,2,0
178,10,16,25,2,0
179,11,14,21,1,0
180,11,15,21,1,0
181,11,16,21,1,0
182,11,14,89,1,0
183,11,15,89,1,0
184,11,16,89,1,0
185,7,10,34,1,0
186,7,11,34,1,0
187,7,12,34,1,0
188,7,13,34,1,0
189,11,10,3,1,0
190,11,11,3,1,0
191,11,12,3,1,0
192,11,13,3,1,0
193,7,10,84,1,0
194,7,11,84,1,0
195,7,12,84,1,0
196,7,13,84,1,0
197,7,10,88,1,0
198,7,11,88,1,0
199,7,12,88,1,0
200,7,13,88,1,0
201,11,10,9,1,0
202,11,11,9,1,0
203,11,12,9,1,0
204,11,13,9,1,0
205,11,10,65,1,0
206,11,11,65,1,0
207,11,12,65,1,0
208,11,13,65,1,0
209,7,10,87,1,0
210,7,11,87,1,0
211,7,12,87,1,0
212,7,13,87,1,0
213,10,39,84,1,0
214,10,40,84,1,0
215,10,41,84,1,0
216,10,42,84,1,0
217,8,39,5,1,0
218,8,40,5,1,0
219,8,41,5,1,0
220,8,42,5,1,0
221,7,39,65,1,0
222,7,40,65,1,0
223,7,41,65,1,0
224,7,42,65,1,0
225,8,39,15,1,0
226,8,40,15,1,0
227,8,41,15,1,0
228,8,42,15,1,0
229,7,39,33,1,0
230,7,40,33,1,0
231,7,41,33,1,0
232,7,42,33,1,0
233,7,43,68,1,0
234,7,44,68,1,0
235,7,45,68,1,0
236,7,46,68,1,0
237,7,47,68,1,0
238,7,48,68,1,0
239,7,49,68,1,0
240,10,43,9,1,0
241,10,44,9,1,0
242,10,45,9,1,0
243,10,46,9,1,0
244,10,47,9,1,0
245,10,48,9,1,0
246,10,49,9,1,0
247,7,43,20,1,0
248,7,44,20,1,0
249,7,45,20,1,0
250,7,46,20,1,0
251,7,47,20,1,0
252,7,48,20,1,0
253,7,49,20,1,0
254,10,14,75,1,0
255,10,15,75,1,0
256,10,16,75,1,0
257,11,29,75,1,0
258,11,30,75,1,0
259,11,31,75,1,0
260,11,32,75,1,0
261,11,33,75,1,0
262,11,34,75,1,0
263,11,35,75,1,0
264,11,36,75,1,0
265,11,37,75,1,0
266,11,38,75,1,0
267,8,10,63,1,0
268,8,11,63,1,0
269,8,12,63,1,0
270,8,13,63,1,0
271,8,1,63,1,0
272,8,2,63,1,0
273,8,39,63,1,0
274,8,40,63,1,0
275,8,41,63,1,0
276,8,42,63,1,0
277,9,3,63,1,0
278,9,4,63,1,0
279,9,5,63,1,0
280,9,6,63,1,0
281,9,7,63,1,0
282,9,8,63,1,0
283,9,9,63,1,0
284,11,3,63,1,0
285,11,4,63,1,0
286,11,5,63,1,0
287,11,6,63,1,0
288,11,7,63,1,0
289,11,8,63,1,0
290,11,9,63,1,0
291,11,1,63,1,0
292,11,2,63,1,0
293,8,1,49,1,0
294,8,2,49,1,0
295,9,3,49,1,0
296,9,4,49,1,0
297,9,5,49,1,0
298,9,6,49,1,0
299,9,7,49,1,0
300,9,8,49,1,0
301,9,9,49,1,0
302,10,14,28,1,0
303,10,15,28,1,0
304,10,16,28,1,0
305,11,10,28,1,0
306,11,11,28,1,0
307,11,12,28,1,0
308,11,13,28,1,0
309,8,39,80,1,0
310,8,40,80,1,0
311,8,41,80,1,0
312,8,42,80,1,0
313,8,1,80,1,0
314,8,2,80,1,0
315,9,1,80,1,0
316,9,2,80,1,0
317,10,29,80,1,0
318,10,30,80,1,0
319,10,31,80,1,0
320,10,32,80,1,0
321,10,33,80,1,0
322,10,34,80,1,0
323,10,35,80,1,0
324,10,36,80,1,0
325,10,37,80,1,0
326,10,38,80,1,0
327,11,39,29,1,0
328,11,40,29,1,0
329,11,41,29,1,0
330,11,42,29,1,0
331,8,3,52,1,0
332,8,4,52,1,0
333,8,5,52,1,0
334,8,6,52,1,0
335,8,7,52,1,0
336,8,8,52,1,0
337,8,9,52,1,0
338,9,29,30,1,0
339,9,30,30,1,0
340,9,31,30,1,0
341,9,32,30,1,0
342,9,33,30,1,0
343,9,34,30,1,0
344,9,35,30,1,0
345,9,36,30,1,0
346,9,37,30,1,0
347,9,38,30,1,0
348,8,39,44,1,0
349,8,40,44,1,0
350,8,41,44,1,0
351,8,42,44,1,0
352,8,14,44,1,0
353,8,15,44,1,0
354,8,16,44,1,0
355,10,14,44,1,0
356,10,15,44,1,0
357,10,16,44,1,0
358,8,14,69,2,0
359,8,15,69,2,0
360,8,16,69,2,0
361,9,1,69,1,0
362,9,2,69,1,0
363,8,10,46,1,0
364,8,11,46,1,0
365,8,12,46,1,0
366,8,13,46,1,0
367,9,24,46,1,0
368,9,25,46,1,0
369,9,26,46,1,0
370,9,27,46,1,0
371,9,28,46,1,0
372,10,10,46,1,0
373,10,11,46,1,0
374,10,12,46,1,0
375,10,13,46,1,0
376,11,1,46,1,0
377,11,2,46,1,0
378,9,24,37,1,0
379,9,25,37,1,0
380,9,26,37,1,0
381,9,27,37,1,0
382,9,28,37,1,0
383,9,10,37,1,0
384,9,11,37,1,0
385,9,12,37,1,0
386,9,13,37,1,0
387,10,29,37,1,0
388,10,30,37,1,0
389,10,31,37,1,0
390,10,32,37,1,0
391,10,33,37,1,0
392,10,34,37,1,0
393,10,35,37,1,0
394,10,36,37,1,0
395,10,37,37,1,0
396,10,38,37,1,0
397,9,14,38,1,0
398,9,15,38,1,0
399,9,16,38,1,0
400,10,39,38,1,0
401,10,40,38,1,0
402,10,41,38,1,0
403,10,42,38,1,0
404,10,10,38,1,0
405,10,11,38,1,0
406,10,12,38,1,0
407,10,13,38,1,0
408,10,14,39,1,0
409,10,15,39,1,0
410,10,16,39,1,0
411,10,1,39,1,0
412,10,2,39,1,0
413,8,39,67,1,0
414,8,40,67,1,0
415,8,41,67,1,0
416,8,42,67,1,0
417,9,14,67,1,0
418,9,15,67,1,0
419,9,16,67,1,0
420,8,14,66,1,0
421,8,15,66,1,0
422,8,16,66,1,0
423,11,24,41,1,0
424,11,25,41,1,0
425,11,26,41,1,0
426,11,27,41,1,0
427,11,28,41,1,0
428,11,17,41,1,0
429,11,18,41,1,0
430,11,19,41,1,0
431,11,20,41,1,0
432,11,21,41,1,0
433,11,22,41,1,0
434,11,23,41,1,0
435,8,1,81,1,0
436,8,2,81,1,0
437,9,3,48,1,0
438,9,4,48,1,0
439,9,5,48,1,0
440,9,6,48,1,0
441,9,7,48,1,0
442,9,8,48,1,0
443,9,9,48,1,0
444,9,24,48,1,0
445,9,25,48,1,0
446,9,26,48,1,0
447,9,27,48,1,0
448,9,28,48,1,0
449,10,10,51,1,0
450,10,11,51,1,0
451,10,12,51,1,0
452,10,13,51,1,0
453,10,3,51,1,0
454,10,4,51,1,0
455,10,5,51,1,0
456,10,6,51,1,0
457,10,7,51,1,0
458,10,8,51,1,0
459,10,9,51,1,0
460,9,39,86,1,0
461,9,40,86,1,0
462,9,41,86,1,0
463,9,42,86,1,0
464,9,3,86,1,0
465,9,4,86,1,0
466,9,5,86,1,0
467,9,6,86,1,0
468,9,7,86,1,0
469,9,8,86,1,0
470,9,9,86,1,0
471,11,14,86,1,0
472,11,15,86,1,0
473,11,16,86,1,0
474,11,24,86,1,0
475,11,25,86,1,0
476,11,26,86,1,0
477,11,27,86,1,0
478,11,28,86,1,0
479,9,39,55,1,0
480,9,40,55,1,0
481,9,41,55,1,0
482,9,42,55,1,0
483,10,14,55,1,0
484,10,15,55,1,0
485,10,16,55,1,0
486,10,29,58,1,0
487,10,30,58,1,0
488,10,31,58,1,0
489,10,32,58,1,0
490,10,33,58,1,0
491,10,34,58,1,0
492,10,35,58,1,0
493,10,36,58,1,0
494,10,37,58,1,0
495,10,38,58,1,0
496,11,39,58,1,0
497,11,40,58,1,0
498,11,41,58,1,0
499,11,42,58,1,0
500,11,29,59,1,0
501,11,30,59,1,0
502,11,31,59,1,0
503,11,32,59,1,0
504,11,33,59,1,0
505,11,34,59,1,0
506,11,35,59,1,0
507,11,36,59,1,0
508,11,37,59,1,0
509,11,38,59,1,0
510,10,29,60,1,0
511,10,30,60,1,0
512,10,31,60,1,0
513,10,32,60,1,0
514,10,33,60,1,0
515,10,34,60,1,0
516,10,35,60,1,0
517,10,36,60,1,0
518,10,37,60,1,0
519,10,38,60,1,0
520,9,39,77,1,0
521,9,40,77,1,0
522,9,41,77,1,0
523,9,42,77,1,0
524,10,43,71,1,0
525,10,44,71,1,0
526,10,45,71,1,0
527,10,46,71,1,0
528,10,47,71,1,0
529,10,48,71,1,0
530,10,49,71,1,0
531,11,17,72,1,0
532,11,18,72,1,0
533,11,19,72,1,0
534,11,20,72,1,0
535,11,21,72,1,0
536,11,22,72,1,0
537,11,23,72,1,0
538,10,29,73,1,0
539,10,30,73,1,0
540,10,31,73,1,0
541,10,32,73,1,0
542,10,33,73,1,0
543,10,34,73,1,0
544,10,35,73,1,0
545,10,36,73,1,0
546,10,37,73,1,0
547,10,38,73,1,0
548,11,29,83,1,0
549,11,30,83,1,0
550,11,31,83,1,0
551,11,32,83,1,0
552,11,33,83,1,0
553,11,34,83,1,0
554,11,35,83,1,0
555,11,36,83,1,0
556,11,37,83,1,0
557,11,38,83,1,0
558,12,39,75,1,0
559,12,40,75,1,0
560,12,41,75,1,0
561,12,42,75,1,0
562,12,24,14,1,0
563,12,25,14,1,0
564,12,26,14,1,0
565,12,27,14,1,0
566,12,28,14,1,0
567,12,1,41,1,0
568,12,2,41,1,0
569,12,17,62,1,0
570,12,18,62,1,0
571,12,19,62,1,0
572,12,20,62,1,0
573,12,21,62,1,0
574,12,22,62,1,0
575,12,23,62,1,0
576,12,14,37,1,0
577,12,15,37,1,0
578,12,16,37,1,0
579,12,1,91,1,0
580,12,2,91,1,0
581,12,10,36,1,0
582,12,11,36,1,0
583,12,12,36,1,0
584,12,13,36,1,0
585,12,1,51,1,0
586,12,2,51,1,0
587,12,1,72,1,0
588,12,2,72,1,0
589,12,17,24,1,0
590,12,18,24,1,0
591,12,19,24,1,0
592,12,20,24,1,0
593,12,21,24,1,0
594,12,22,24,1,0
595,12,23,24,1,0
596,12,3,61,1,0
597,12,4,61,1,0
598,12,5,61,1,0
599,12,6,61,1,0
600,12,7,61,1,0
601,12,8,61,1,0
602,12,9,61,1,0
603,12,39,37,1,0
604,12,40,37,1,0
605,12,41,37,1,0
606,12,42,37,1,0
607,12,10,46,1,0
608,12,11,46,1,0
609,12,12,46,1,0
610,12,13,46,1,0
611,12,14,20,1,0
612,12,15,20,1,0
613,12,16,20,1,0
614,12,39,4,1,0
615,12,40,4,1,0
616,12,41,4,1,0
617,12,42,4,1,0
618,12,10,5,1,0
619,12,11,5,1,0
620,12,12,5,1,0
621,12,13,5,1,0
622,12,1,75,1,0
623,12,2,75,1,0
624,12,43,21,1,0
625,12,44,21,1,0
626,12,45,21,1,0
627,12,46,21,1,0
628,12,47,21,1,0
629,12,48,21,1,0
630,12,49,21,1,0
631,12,1,70,1,0
632,12,2,70,1,0
633,12,3,72,1,0
634,12,4,72,1,0
635,12,5,72,1,0
636,12,6,72,1,0
637,12,7,72,1,0
638,12,8,72,1,0
639,12,9,72,1,0
640,12,14,10,1,0
641,12,15,10,1,0
642,12,16,10,1,0
643,12,24,20,1,0
644,12,25,20,1,0
645,12,26,20,1,0
646,12,27,20,1,0
647,12,28,20,1,0
648,12,10,17,1,0
649,12,11,17,1,0
650,12,12,17,1,0
651,12,13,17,1,0
652,12,3,59,1,0
653,12,4,59,1,0
654,12,5,59,1,0
655,12,6,59,1,0
656,12,7,59,1,0
657,12,8,59,1,0
658,12,9,59,1,0
659,12,1,71,1,0
660,12,2,71,1,0
661,12,1,36,1,0
662,12,2,36,1,0
663,12,24,35,1,0
664,12,25,35,1,0
665,12,26,35,1,0
666,12,27,35,1,0
667,12,28,35,1,0
668,12,1,25,1,0
669,12,2,25,1,0
670,12,17,60,1,0
671,12,18,60,1,0
672,12,19,60,1,0
673,12,20,60,1,0
674,12,21,60,1,0
675,12,22,60,1,0
676,12,23,60,1,0
677,12,3,71,1,0
678,12,4,71,1,0
679,12,5,71,1,0
680,12,6,71,1,0
681,12,7,71,1,0
682,12,8,71,1,0
683,12,9,71,1,0
684,12,39,83,1,0
685,12,40,83,1,0
686,12,41,83,1,0
687,12,42,83,1,0
688,13,1,19,1,0
689,13,2,19,1,0
690,13,1,65,1,0
691,13,2,65,1,0
692,13,39,20,1,0
693,13,40,20,1,0
694,13,41,20,1,0
695,13,42,20,1,0
696,13,14,20,2,0
697,13,15,20,2,0
698,13,16,20,2,0
699,13,3,49,1,0
700,13,4,49,1,0
701,13,5,49,1,0
702,13,6,49,1,0
703,13,7,49,1,0
704,13,8,49,1,0
705,13,9,49,1,0
706,13,1,47,1,0
707,13,2,47,1,0
708,13,29,62,1,0
709,13,30,62,1,0
710,13,31,62,1,0
711,13,32,62,1,0
712,13,33,62,1,0
713,13,34,62,1,0
714,13,35,62,1,0
715,13,36,62,1,0
716,13,37,62,1,0
717,13,38,62,1,0
718,13,3,56,1,0
719,13,4,56,1,0
720,13,5,56,1,0
721,13,6,56,1,0
722,13,7,56,1,0
723,13,8,56,1,0
724,13,9,56,1,0
725,13,39,23,1,0
726,13,40,23,1,0
727,13,41,23,1,0
728,13,42,23,1,0
729,13,10,54,1,0
730,13,11,54,1,0
731,13,12,54,1,0
732,13,13,54,1,0
733,13,10,10,1,0
734,13,11,10,1,0
735,13,12,10,1,0
736,13,13,10,1,0
737,13,43,10,1,0
738,13,44,10,1,0
739,13,45,10,1,0
740,13,46,10,1,0
741,13,47,10,1,0
742,13,48,10,1,0
743,13,49,10,1,0
744,13,39,87,2,0
745,13,40,87,2,0
746,13,41,87,2,0
747,13,42,87,2,0
748,13,10,41,1,0
749,13,11,41,1,0
750,13,12,41,1,0
751,13,13,41,1,0
752,13,3,21,1,0
753,13,4,21,1,0
754,13,5,21,1,0
755,13,6,21,1,0
756,13,7,21,1,0
757,13,8,21,1,0
758,13,9,21,1,0
759,13,10,36,1,0
760,13,11,36,1,0
761,13,12,36,1,0
762,13,13,36,1,0
763,13,14,73,1,0
764,13,15,73,1,0
765,13,16,73,1,0
766,13,14,63,1,0
767,13,15,63,1,0
768,13,16,63,1,0
769,13,14,68,1,0
770,13,15,68,1,0
771,13,16,68,1,0
772,13,10,88,1,0
773,13,11,88,1,0
774,13,12,88,1,0
775,13,13,88,1,0
776,13,39,61,1,0
777,13,40,61,1,0
778,13,41,61,1,0
779,13,42,61,1,0
780,13,3,27,1,0
781,13,4,27,1,0
782,13,5,27,1,0
783,13,6,27,1,0
784,13,7,27,1,0
785,13,8,27,1,0
786,13,9,27,1,0
787,13,24,31,1,0
788,13,25,31,1,0
789,13,26,31,1,0
790,13,27,31,1,0
791,13,28,31,1,0
792,13,29,51,1,0
793,13,30,51,1,0
794,13,31,51,1,0
795,13,32,51,1,0
796,13,33,51,1,0
797,13,34,51,1,0
798,13,35,51,1,0
799,13,36,51,1,0
800,13,37,51,1,0
801,13,38,51,1,0
802,13,24,41,1,0
803,13,25,41,1,0
804,13,26,41,1,0
805,13,27,41,1,0
806,13,28,41,1,0
807,13,14,29,1,0
808,13,15,29,1,0
809,13,16,29,1,0
810,13,14,59,1,0
811,13,15,59,1,0
812,13,16,59,1,0
813,13,29,66,1,0
814,13,30,66,1,0
815,13,31,66,1,0
816,13,32,66,1,0
817,13,33,66,1,0
818,13,34,66,1,0
819,13,35,66,1,0
820,13,36,66,1,0
821,13,37,66,1,0
822,13,38,66,1,0
823,13,10,37,1,0
824,13,11,37,1,0
825,13,12,37,1,0
826,13,13,37,1,0
827,13,14,10,1,0
828,13,15,10,1,0
829,13,16,10,1,0
830,13,10,75,1,0
831,13,11,75,1,0
832,13,12,75,1,0
833,13,13,75,1,0
834,14,10,60,1,0
835,14,11,60,1,0
836,14,12,60,1,0
837,14,13,60,1,0
838,14,10,24,1,0
839,14,11,24,1,0
840,14,12,24,1,0
841,14,13,24,1,0
842,14,39,16,1,0
843,14,40,16,1,0
844,14,41,16,1,0
845,14,42,16,1,0
846,14,10,7,2,0
847,14,11,7,2,0
848,14,12,7,2,0
849,14,13,7,2,0
850,14,39,87,2,0
851,14,40,87,2,0
852,14,41,87,2,0
853,14,42,87,2,0
854,14,10,79,1,0
855,14,11,79,1,0
856,14,12,79,1,0
857,14,13,79,1,0
858,14,24,51,1,0
859,14,25,51,1,0
860,14,26,51,1,0
861,14,27,51,1,0
862,14,28,51,1,0
863,14,14,71,1,0
864,14,15,71,1,0
865,14,16,71,1,0
866,14,10,55,1,0
867,14,11,55,1,0
868,14,12,55,1,0
869,14,13,55,1,0
870,14,10,20,1,0
871,14,11,20,1,0
872,14,12,20,1,0
873,14,13,20,1,0
874,14,39,66,1,0
875,14,40,66,1,0
876,14,41,66,1,0
877,14,42,66,1,0
878,14,10,5,2,0
879,14,11,5,2,0
880,14,12,5,2,0
881,14,13,5,2,0
882,14,24,79,1,0
883,14,25,79,1,0
884,14,26,79,1,0
885,14,27,79,1,0
886,14,28,79,1,0
887,14,14,67,1,0
888,14,15,67,1,0
889,14,16,67,1,0
890,14,14,64,1,0
891,14,15,64,1,0
892,14,16,64,1,0
893,14,39,84,1,0
894,14,40,84,1,0
895,14,41,84,1,0
896,14,42,84,1,0
897,14,14,63,1,0
898,14,15,63,1,0
899,14,16,63,1,0
900,14,39,71,1,0
901,14,40,71,1,0
902,14,41,71,1,0
903,14,42,71,1,0
904,14,1,4,1,0
905,14,2,4,1,0
906,14,14,41,1,0
907,14,15,41,1,0
908,14,16,41,1,0
909,14,39,39,1,0
910,14,40,39,1,0
911,14,41,39,1,0
912,14,42,39,1,0
913,14,3,39,1,0
914,14,4,39,1,0
915,14,5,39,1,0
916,14,6,39,1,0
917,14,7,39,1,0
918,14,8,39,1,0
919,14,9,39,1,0
920,14,29,76,1,0
921,14,30,76,1,0
922,14,31,76,1,0
923,14,32,76,1,0
924,14,33,76,1,0
925,14,34,76,1,0
926,14,35,76,1,0
927,14,36,76,1,0
928,14,37,76,1,0
929,14,38,76,1,0
930,14,14,84,1,0
931,14,15,84,1,0
932,14,16,84,1,0
933,14,39,24,1,0
934,14,40,24,1,0
935,14,41,24,1,0
936,14,42,24,1,0
937,14,1,46,1,0
938,14,2,46,1,0
939,15,3,16,1,0
940,15,4,16,1,0
941,15,5,16,1,0
942,15,6,16,1,0
943,15,7,16,1,0
944,15,8,16,1,0
945,15,9,16,1,0
946,15,17,76,1,0
947,15,18,76,1,0
948,15,19,76,1,0
949,15,20,76,1,0
950,15,21,76,1,0
951,15,22,76,1,0
952,15,23,76,1,0
953,15,14,28,1,0
954,15,15,28,1,0
955,15,16,28,1,0
956,15,1,83,1,0
957,15,2,83,1,0
958,15,14,15,1,0
959,15,15,15,1,0
960,15,16,15,1,0
961,15,39,49,1,0
962,15,40,49,1,0
963,15,41,49,1,0
964,15,42,49,1,0
965,15,10,39,1,0
966,15,11,39,1,0
967,15,12,39,1,0
968,15,13,39,1,0
969,15,1,89,1,0
970,15,2,89,1,0
971,15,14,9,1,0
972,15,15,9,1,0
973,15,16,9,1,0
974,15,3,11,1,0
975,15,4,11,1,0
976,15,5,11,1,0
977,15,6,11,1,0
978,15,7,11,1,0
979,15,8,11,1,0
980,15,9,11,1,0
981,15,39,72,1,0
982,15,40,72,1,0
983,15,41,72,1,0
984,15,42,72,1,0
985,15,1,38,1,0
986,15,2,38,1,0
987,15,17,58,1,0
988,15,18,58,1,0
989,15,19,58,1,0
990,15,20,58,1,0
991,15,21,58,1,0
992,15,22,58,1,0
993,15,23,58,1,0
994,15,43,76,1,0
995,15,44,76,1,0
996,15,45,76,1,0
997,15,46,76,1,0
998,15,47,76,1,0
999,15,48,76,1,0
1000,15,49,76,1,0
1001,15,39,35,1,0
1002,15,40,35,1,0
1003,15,41,35,1,0
1004,15,42,35,1,0
1005,15,17,60,1,0
1006,15,18,60,1,0
1007,15,19,60,1,0
1008,15,20,60,1,0
1009,15,21,60,1,0
1010,15,22,60,1,0
1011,15,23,60,1,0
1012,15,3,84,1,0
1013,15,4,84,1,0
1014,15,5,84,1,0
1015,15,6,84,1,0
1016,15,7,84,1,0
1017,15,8,84,1,0
1018,15,9,84,1,0
1019,15,10,65,1,0
1020,15,11,65,1,0
1021,15,12,65,1,0
1022,15,13,65,1,0
1023,15,24,23,1,0
1024,15,25,23,1,0
1025,15,26,23,1,0
1026,15,27,23,1,0
1027,15,28,23,1,0
1028,15,39,67,1,0
1029,15,40,67,1,0
1030,15,41,67,1,0
1031,15,42,67,1,0
1032,15,1,43,1,0
1033,15,2,43,1,0
1034,15,29,89,1,0
1035,15,30,89,1,0
1036,15,31,89,1,0
1037,15,32,89,1,0
1038,15,33,89,1,0
1039,15,34,89,1,0
1040,15,35,89,1,0
1041,15,36,89,1,0
1042,15,37,89,1,0
1043,15,38,89,1,0
1044,15,10,11,1,0
1045,15,11,11,1,0
1046,15,12,11,1,0
1047,15,13,11,1,0
1048,15,14,47,1,0
1049,15,15,47,1,0
1050,15,16,47,1,0
1051,15,1,35,1,0
1052,15,2,35,1,0
1053,15,3,62,1,0
1054,15,4,62,1,0
1055,15,5,62,1,0
1056,15,6,62,1,0
1057,15,7,62,1,0
1058,15,8,62,1,0
1059,15,9,62,1,0
1060,15,39,25,1,0
1061,15,40,25,1,0
1062,15,41,25,1,0
1063,15,42,25,1,0
1064,15,24,59,1,0
1065,15,25,59,1,0
1066,15,26,59,1,0
1067,15,27,59,1,0
1068,15,28,59,1,0
1069,15,29,35,1,0
1070,15,30,35,1,0
1071,15,31,35,1,0
1072,15,32,35,1,0
1073,15,33,35,1,0
1074,15,34,35,1,0
1075,15,35,35,1,0
1076,15,36,35,1,0
1077,15,37,35,1,0
1078,15,38,35,1,0
1079,15,39,28,1,0
1080,15,40,28,1,0
1081,15,41,28,1,0
1082,15,42,28,1,0
1083,16,10,10,1,0
1084,16,11,10,1,0
1085,16,12,10,1,0
1086,16,13,10,1,0
1087,16,14,41,1,0
1088,16,15,41,1,0
1089,16,16,41,1,0
1090,16,14,15,1,0
1091,16,15,15,1,0
1092,16,16,15,1,0
1093,16,10,42,1,0
1094,16,11,42,1,0
1095,16,12,42,1,0
1096,16,13,42,1,0
1097,16,29,81,1,0
1098,16,30,81,1,0
1099,16,31,81,1,0
1100,16,32,81,1,0
1101,16,33,81,1,0
1102,16,34,81,1,0
1103,16,35,81,1,0
1104,16,36,81,1,0
1105,16,37,81,1,0
1106,16,38,81,1,0
1107,16,29,44,1,0
1108,16,30,44,1,0
1109,16,31,44,1,0
1110,16,32,44,1,0
1111,16,33,44,1,0
1112,16,34,44,1,0
1113,16,35,44,1,0
1114,16,36,44,1,0
1115,16,37,44,1,0
1116,16,38,44,1,0
1117,16,39,35,1,0
1118,16,40,35,1,0
1119,16,41,35,1,0
1120,16,42,35,1,0
1121,16,14,46,1,0
1122,16,15,46,1,0
1123,16,16,46,1,0
1124,16,24,41,1,0
1125,16,25,41,1,0
1126,16,26,41,1,0
1127,16,27,41,1,0
1128,16,28,41,1,0
1129,16,43,6,1,0
1130,16,44,6,1,0
1131,16,45,6,1,0
1132,16,46,6,1,0
1133,16,47,6,1,0
1134,16,48,6,1,0
1135,16,49,6,1,0
1136,16,3,58,1,0
1137,16,4,58,1,0
1138,16,5,58,1,0
1139,16,6,58,1,0
1140,16,7,58,1,0
1141,16,8,58,1,0
1142,16,9,58,1,0
1143,16,24,37,1,0
1144,16,25,37,1,0
1145,16,26,37,1,0
1146,16,27,37,1,0
1147,16,28,37,1,0
1148,16,14,89,1,0
1149,16,15,89,1,0
1150,16,16,89,1,0
1151,16,10,51,1,0
1152,16,11,51,1,0
1153,16,12,51,1,0
1154,16,13,51,1,0
1155,16,43,39,1,0
1156,16,44,39,1,0
1157,16,45,39,1,0
1158,16,46,39,1,0
1159,16,47,39,1,0
1160,16,48,39,1,0
1161,16,49,39,1,0
1162,16,29,3,1,0
1163,16,30,3,1,0
1164,16,31,3,1,0
1165,16,32,3,1,0
1166,16,33,3,1,0
1167,16,34,3,1,0
1168,16,35,3,1,0
1169,16,36,3,1,0
1170,16,37,3,1,0
1171,16,38,3,1,0
1172,16,1,56,1,0
1173,16,2,56,1,0
1174,16,14,6,1,0
1175,16,15,6,1,0
1176,16,16,6,1,0
1177,16,24,71,1,0
1178,16,25,71,1,0
1179,16,26,71,1,0
1180,16,27,71,1,0
1181,16,28,71,1,0
1182,16,14,9,1,0
1183,16,15,9,1,0
1184,16,16,9,1,0
1185,16,29,21,1,0
1186,16,30,21,1,0
1187,16,31,21,1,0
1188,16,32,21,1,0
1189,16,33,21,1,0
1190,16,34,21,1,0
1191,16,35,21,1,0
1192,16,36,21,1,0
1193,16,37,21,1,0
1194,16,38,21,1,0
1195,16,29,86,1,0
1196,16,30,86,1,0
1197,16,31,86,1,0
1198,16,32,86,1,0
1199,16,33,86,1,0
1200,16,34,86,1,0
1201,16,35,86,1,0
1202,16,36,86,1,0
1203,16,37,86,1,0
1204,16,38,86,1,0
1205,16,10,20,1,0
1206,16,11,20,1,0
1207,16,12,20,1,0
1208,16,13,20,1,0
1209,16,3,63,1,0
1210,16,4,63,1,0
1211,16,5,63,1,0
1212,16,6,63,1,0
1213,16,7,63,1,0
1214,16,8,63,1,0
1215,16,9,63,1,0
1216,16,3,37,1,0
1217,16,4,37,1,0
1218,16,5,37,1,0
1219,16,6,37,1,0
1220,16,7,37,1,0
1221,16,8,37,1,0
1222,16,9,37,1,0
1223,16,10,53,1,0
1224,16,11,53,1,0
1225,16,12,53,1,0
1226,16,13,53,1,0
1227,16,14,80,1,0
1228,16,15,80,1,0
1229,16,16,80,1,0
1230,16,24,14,1,0
1231,16,25,14,1,0
1232,16,26,14,1,0
1233,16,27,14,1,0
1234,16,28,14,1,0
1235,16,29,70,1,0
1236,16,30,70,1,0
1237,16,31,70,1,0
1238,16,32,70,1,0
1239,16,33,70,1,0
1240,16,34,70,1,0
1241,16,35,70,1,0
1242,16,36,70,1,0
1243,16,37,70,1,0
1244,16,38,70,1,0
1245,16,39,12,1,0
1246,16,40,12,1,0
1247,16,41,12,1,0
1248,16,42,12,1,0
1249,16,14,44,1,0
1250,16,15,44,1,0
1251,16,16,44,1,0
1252,17,29,72,1,0
1253,17,30,72,1,0
1254,17,31,72,1,0
1255,17,32,72,1,0
1256,17,33,72,1,0
1257,17,34,72,1,0
1258,17,35,72,1,0
1259,17,36,72,1,0
1260,17,37,72,1,0
1261,17,38,72,1,0
1262,17,1,5,1,0
1263,17,2,5,1,0
1264,17,1,9,1,0
1265,17,2,9,1,0
1266,17,14,87,1,0
1267,17,15,87,1,0
1268,17,16,87,1,0
1269,17,29,63,1,0
1270,17,30,63,1,0
1271,17,31,63,1,0
1272,17,32,63,1,0
1273,17,33,63,1,0
1274,17,34,63,1,0
1275,17,35,63,1,0
1276,17,36,63,1,0
1277,17,37,63,1,0
1278,17,38,63,1,0
1279,17,24,32,1,0
1280,17,25,32,1,0
1281,17,26,32,1,0
1282,17,27,32,1,0
1283,17,28,32,1,0
1284,17,17,50,1,0
1285,17,18,50,1,0
1286,17,19,50,1,0
1287,17,20,50,1,0
1288,17,21,50,1,0
1289,17,22,50,1,0
1290,17,23,50,1,0
1291,17,10,59,1,0
1292,17,11,59,1,0
1293,17,12,59,1,0
1294,17,13,59,1,0
1295,17,29,54,1,0
1296,17,30,54,1,0
1297,17,31,54,1,0
1298,17,32,54,1,0
1299,17,33,54,1,0
1300,17,34,54,1,0
1301,17,35,54,1,0
1302,17,36,54,1,0
1303,17,37,54,1,0
1304,17,38,54,1,0
1305,17,29,19,1,0
1306,17,30,19,1,0
1307,17,31,19,1,0
1308,17,32,19,1,0
1309,17,33,19,1,0
1310,17,34,19,1,0
1311,17,35,19,1,0
1312,17,36,19,1,0
1313,17,37,19,1,0
1314,17,38,19,1,0
1315,17,39,24,1,0
1316,17,40,24,1,0
1317,17,41,24,1,0
1318,17,42,24,1,0
1319,17,39,44,1,0
1320,17,40,44,1,0
1321,17,41,44,1,0
1322,17,42,44,1,0
1323,17,14,3,1,0
1324,17,15,3,1,0
1325,17,16,3,1,0
1326,17,10,44,1,0
1327,17,11,44,1,0
1328,17,12,44,1,0
1329,17,13,44,1,0
1330,17,1,68,1,0
1331,17,2,68,1,0
1332,17,43,11,1,0
1333,17,44,11,1,0
1334,17,45,11,1,0
1335,17,46,11,1,0
1336,17,47,11,1,0
1337,17,48,11,1,0
1338,17,49,11,1,0
1339,17,24,11,1,0
1340,17,25,11,1,0
1341,17,26,11,1,0
1342,17,27,11,1,0
1343,17,28,11,1,0
1344,17,10,63,1,0
1345,17,11,63,1,0
1346,17,12,63,1,0
1347,17,13,63,1,0
1348,17,3,34,1,0
1349,17,4,34,1,0
1350,17,5,34,1,0
1351,17,6,34,1,0
1352,17,7,34,1,0
1353,17,8,34,1,0
1354,17,9,34,1,0
1355,17,1,39,1,0
1356,17,2,39,1,0
1357,17,39,46,1,0
1358,17,40,46,1,0
1359,17,41,46,1,0
1360,17,42,46,1,0
1361,17,14,48,1,0
1362,17,15,48,1,0
1363,17,16,48,1,0
1364,17,39,43,1,0
1365,17,40,43,1,0
1366,17,41,43,1,0
1367,17,42,43,1,0
1368,17,1,84,1,0
1369,17,2,84,1,0
1370,17,10,72,1,0
1371,17,11,72,1,0
1372,17,12,72,1,0
1373,17,13,72,1,0
1374,17,10,79,1,0
1375,17,11,79,1,0
1376,17,12,79,1,0
1377,17,13,79,1,0
1378,17,17,63,1,0
1379,17,18,63,1,0
1380,17,19,63,1,0
1381,17,20,63,1,0
1382,17,21,63,1,0
1383,17,22,63,1,0
1384,17,23,63,1,0
1385,17,29,30,1,0
1386,17,30,30,1,0
1387,17,31,30,1,0
1388,17,32,30,1,0
1389,17,33,30,1,0
1390,17,34,30,1,0
1391,17,35,30,1,0
1392,17,36,30,1,0
1393,17,37,30,1,0
1394,17,38,30,1,0
1395,17,14,28,1,0
1396,17,15,28,1,0
1397,17,16,28,1,0
1398,17,3,35,1,0
1399,17,4,35,1,0
1400,17,5,35,1,0
1401,17,6,35,1,0
1402,17,7,35,1,0
1403,17,8,35,1,0
1404,17,9,35,1,0
1405,17,3,87,1,0
1406,17,4,87,1,0
1407,17,5,87,1,0
1408,17,6,87,1,0
1409,17,7,87,1,0
1410,17,8,87,1,0
1411,17,9,87,1,0
1412,17,14,56,1,0
1413,17,15,56,1,0
1414,17,16,56,1,0
1415,18,24,71,1,0
1416,18,25,71,1,0
1417,18,26,71,1,0
1418,18,27,71,1,0
1419,18,28,71,1,0
1420,18,3,73,1,0
1421,18,4,73,1,0
1422,18,5,73,1,0
1423,18,6,73,1,0
1424,18,7,73,1,0
1425,18,8,73,1,0
1426,18,9,73,1,0
1427,18,43,44,1,0
1428,18,44,44,1,0
1429,18,45,44,1,0
1430,18,46,44,1,0
1431,18,47,44,1,0
1432,18,48,44,1,0
1433,18,49,44,1,0
1434,18,1,4,1,0
1435,18,2,4,1,0
1436,18,24,7,1,0
1437,18,25,7,1,0
1438,18,26,7,1,0
1439,18,27,7,1,0
1440,18,28,7,1,0
1441,18,39,25,1,0
1442,18,40,25,1,0
1443,18,41,25,1,0
1444,18,42,25,1,0
1445,18,3,24,1,0
1446,18,4,24,1,0
1447,18,5,24,1,0
1448,18,6,24,1,0
1449,18,7,24,1,0
1450,18,8,24,1,0
1451,18,9,24,1,0
1452,18,1,66,1,0
1453,18,2,66,1,0
1454,18,3,67,1,0
1455,18,4,67,1,0
1456,18,5,67,1,0
1457,18,6,67,1,0
1458,18,7,67,1,0
1459,18,8,67,1,0
1460,18,9,67,1,0
1461,18,14,65,1,0
1462,18,15,65,1,0
1463,18,16,65,1,0
1464,18,39,51,1,0
1465,18,40,51,1,0
1466,18,41,51,1,0
1467,18,42,51,1,0
1468,18,43,7,1,0
1469,18,44,7,1,0
1470,18,45,7,1,0
1471,18,46,7,1,0
1472,18,47,7,1,0
1473,18,48,7,1,0
1474,18,49,7,1,0
1475,18,1,37,1,0
1476,18,2,37,1,0
1477,18,10,29,1,0
1478,18,11,29,1,0
1479,18,12,29,1,0
1480,18,13,29,1,0
1481,18,17,65,1,0
1482,18,18,65,1,0
1483,18,19,65,1,0
1484,18,20,65,1,0
1485,18,21,65,1,0
1486,18,22,65,1,0
1487,18,23,65,1,0
1488,18,10,51,1,0
1489,18,11,51,1,0
1490,18,12,51,1,0
1491,18,13,51,1,0
1492,18,39,20,1,0
1493,18,40,20,1,0
1494,18,41,20,1,0
1495,18,42,20,1,0
1496,18,10,5,1,0
1497,18,11,5,1,0
1498,18,12,5,1,0
1499,18,13,5,1,0
1500,18,29,3,1,0
1501,18,30,3,1,0
1502,18,31,3,1,0
1503,18,32,3,1,0
1504,18,33,3,1,0
1505,18,34,3,1,0
1506,18,35,3,1,0
1507,18,36,3,1,0
1508,18,37,3,1,0
1509,18,38,3,1,0
1510,18,14,82,1,0
1511,18,15,82,1,0
1512,18,16,82,1,0
1513,18,17,52,1,0
1514,18,18,52,1,0
1515,18,19,52,1,0
1516,18,20,52,1,0
1517,18,21,52,1,0
1518,18,22,52,1,0
1519,18,23,52,1,0
1520,18,10,80,1,0
1521,18,11,80,1,0
1522,18,12,80,1,0
1523,18,13,80,1,0
1524,18,43,82,1,0
1525,18,44,82,1,0
1526,18,45,82,1,0
1527,18,46,82,1,0
1528,18,47,82,1,0
1529,18,48,82,1,0
1530,18,49,82,1,0
1531,18,14,11,1,0
1532,18,15,11,1,0
1533,18,16,11,1,0
1534,18,1,45,1,0
1535,18,2,45,1,0
1536,18,14,56,1,0
1537,18,15,56,1,0
1538,18,16,56,1,0
1539,18,10,21,1,0
1540,18,11,21,1,0
1541,18,12,21,1,0
1542,18,13,21,1,0
1543,18,10,6,1,0
1544,18,11,6,1,0
1545,18,12,6,1,0
1546,18,13,6,1,0
1547,18,3,87,1,0
1548,18,4,87,1,0
1549,18,5,87,1,0
1550,18,6,87,1,0
1551,18,7,87,1,0
1552,18,8,87,1,0
1553,18,9,87,1,0
1554,18,14,7,1,0
1555,18,15,7,1,0
1556,18,16,7,1,0
1557,19,29,88,1,0
1558,19,30,88,1,0
1559,19,31,88,1,0
1560,19,32,88,1,0
1561,19,33,88,1,0
1562,19,34,88,1,0
1563,19,35,88,1,0
1564,19,36,88,1,0
1565,19,37,88,1,0
1566,19,38,88,1,0
1567,19,43,66,1,0
1568,19,44,66,1,0
1569,19,45,66,1,0
1570,19,46,66,1,0
1571,19,47,66,1,0
1572,19,48,66,1,0
1573,19,49,66,1,0
1574,19,1,61,1,0
1575,19,2,61,1,0
1576,19,3,63,1,0
1577,19,4,63,1,0
1578,19,5,63,1,0
1579,19,6,63,1,0
1580,19,7,63,1,0
1581,19,8,63,1,0
1582,19,9,63,1,0
1583,19,39,32,1,0
1584,19,40,32,1,0
1585,19,41,32,1,0
1586,19,42,32,1,0
1587,19,14,51,1,0
1588,19,15,51,1,0
1589,19,16,51,1,0
1590,19,1,83,1,0
1591,19,2,83,1,0
1592,19,10,44,1,0
1593,19,11,44,1,0
1594,19,12,44,1,0
1595,19,13,44,1,0
1596,19,29,44,1,0
1597,19,30,44,1,0
1598,19,31,44,1,0
1599,19,32,44,1,0
1600,19,33,44,1,0
1601,19,34,44,1,0
1602,19,35,44,1,0
1603,19,36,44,1,0
1604,19,37,44,1,0
1605,19,38,44,1,0
1606,19,10,55,1,0
1607,19,11,55,1,0
1608,19,12,55,1,0
1609,19,13,55,1,0
1610,19,3,20,1,0
1611,19,4,20,1,0
1612,19,5,20,1,0
1613,19,6,20,1,0
1614,19,7,20,1,0
1615,19,8,20,1,0
1616,19,9,20,1,0
1617,19,39,89,1,0
1618,19,40,89,1,0
1619,19,41,89,1,0
1620,19,42,89,1,0
1621,19,29,59,1,0
1622,19,30,59,1,0
1623,19,31,59,1,0
1624,19,32,59,1,0
1625,19,33,59,1,0
1626,19,34,59,1,0
1627,19,35,59,1,0
1628,19,36,59,1,0
1629,19,37,59,1,0
1630,19,38,59,1,0
1631,19,1,65,1,0
1632,19,2,65,1,0
1633,19,24,11,1,0
1634,19,25,11,1,0
1635,19,26,11,1,0
1636,19,27,11,1,0
1637,19,28,11,1,0
1638,19,14,36,1,0
1639,19,15,36,1,0
1640,19,16,36,1,0
1641,19,29,35,1,0
1642,19,30,35,1,0
1643,19,31,35,1,0
1644,19,32,35,1,0
1645,19,33,35,1,0
1646,19,34,35,1,0
1647,19,35,35,1,0
1648,19,36,35,1,0
1649,19,37,35,1,0
1650,19,38,35,1,0
1651,19,39,83,1,0
1652,19,40,83,1,0
1653,19,41,83,1,0
1654,19,42,83,1,0
1655,19,39,71,1,0
1656,19,40,71,1,0
1657,19,41,71,1,0
1658,19,42,71,1,0
1659,19,1,28,1,0
1660,19,2,28,1,0
1661,19,1,51,1,0
1662,19,2,51,1,0
1663,19,14,81,1,0
1664,19,15,81,1,0
1665,19,16,81,1,0
1666,19,17,71,1,0
1667,19,18,71,1,0
1668,19,19,71,1,0
1669,19,20,71,1,0
1670,19,21,71,1,0
1671,19,22,71,1,0
1672,19,23,71,1,0
1673,19,14,79,1,0
1674,19,15,79,1,0
1675,19,16,79,1,0
1676,19,29,18,1,0
1677,19,30,18,1,0
1678,19,31,18,1,0
1679,19,32,18,1,0
1680,19,33,18,1,0
1681,19,34,18,1,0
1682,19,35,18,1,0
1683,19,36,18,1,0
1684,19,37,18,1,0
1685,19,38,18,1,0
1686,19,39,41,1,0
1687,19,40,41,1,0
1688,19,41,41,1,0
1689,19,42,41,1,0
1690,19,24,91,1,0
1691,19,25,91,1,0
1692,19,26,91,1,0
1693,19,27,91,1,0
1694,19,28,91,1,0
1695,19,1,71,1,0
1696,19,2,71,1,0
1697,19,14,35,1,0
1698,19,15,35,1,0
1699,19,16,35,1,0
1700,19,39,6,1,0
1701,19,40,6,1,0
1702,19,41,6,1,0
1703,19,42,6,1,0
1704,19,3,90,1,0
1705,19,4,90,1,0
1706,19,5,90,1,0
1707,19,6,90,1,0
1708,19,7,90,1,0
1709,19,8,90,1,0
1710,19,9,90,1,0
1711,19,1,32,1,0
1712,19,2,32,1,0
1713,19,14,32,1,0
1714,19,15,32,1,0
1715,19,16,32,1,0
1716,20,1,51,1,0
1717,20,2,51,1,0
1718,20,10,51,1,0
1719,20,11,51,1,0
1720,20,12,51,1,0
1721,20,13,51,1,0
1722,20,3,42,1,0
1723,20,4,42,1,0
1724,20,5,42,1,0
1725,20,6,42,1,0
1726,20,7,42,1,0
1727,20,8,42,1,0
1728,20,9,42,1,0
1729,20,14,38,1,0
1730,20,15,38,1,0
1731,20,16,38,1,0
1732,20,14,67,1,0
1733,20,15,67,1,0
1734,20,16,67,1,0
1735,20,39,25,1,0
1736,20,40,25,1,0
1737,20,41,25,1,0
1738,20,42,25,1,0
1739,20,14,78,1,0
1740,20,15,78,1,0
1741,20,16,78,1,0
1742,20,10,2,1,0
1743,20,11,2,1,0
1744,20,12,2,1,0
1745,20,13,2,1,0
1746,20,1,5,1,0
1747,20,2,5,1,0
1748,20,39,71,1,0
1749,20,40,71,1,0
1750,20,41,71,1,0
1751,20,42,71,1,0
1752,20,14,7,1,0
1753,20,15,7,1,0
1754,20,16,7,1,0
1755,20,14,30,1,0
1756,20,15,30,1,0
1757,20,16,30,1,0
1758,20,1,39,1,0
1759,20,2,39,1,0
1760,20,39,41,1,0
1761,20,40,41,1,0
1762,20,41,41,1,0
1763,20,42,41,1,0
1764,20,39,86,1,0
1765,20,40,86,1,0
1766,20,41,86,1,0
1767,20,42,86,1,0
1768,20,29,20,1,0
1769,20,30,20,1,0
1770,20,31,20,1,0
1771,20,32,20,1,0
1772,20,33,20,1,0
1773,20,34,20,1,0
1774,20,35,20,1,0
1775,20,36,20,1,0
1776,20,37,20,1,0
1777,20,38,20,1,0
1778,20,14,23,1,0
1779,20,15,23,1,0
1780,20,16,23,1,0
1781,20,39,49,1,0
1782,20,40,49,1,0
1783,20,41,49,1,0
1784,20,42,49,1,0
1785,20,14,87,1,0
1786,20,15,87,1,0
1787,20,16,87,1,0
1788,20,24,62,1,0
1789,20,25,62,1,0
1790,20,26,62,1,0
1791,20,27,62,1,0
1792,20,28,62,1,0
1793,20,10,47,1,0
1794,20,11,47,1,0
1795,20,12,47,1,0
1796,20,13,47,1,0
1797,20,29,70,1,0
1798,20,30,70,1,0
1799,20,31,70,1,0
1800,20,32,70,1,0
1801,20,33,70,1,0
1802,20,34,70,1,0
1803,20,35,70,1,0
1804,20,36,70,1,0
1805,20,37,70,1,0
1806,20,38,70,1,0
1807,20,14,86,1,0
1808,20,15,86,1,0
1809,20,16,86,1,0
1810,20,14,35,1,0
1811,20,15,35,1,0
1812,20,16,35,1,0
1813,20,29,73,1,0
1814,20,30,73,1,0
1815,20,31,73,1,0
1816,20,32,73,1,0
1817,20,33,73,1,0
1818,20,34,73,1,0
1819,20,35,73,1,0
1820,20,36,73,1,0
1821,20,37,73,1,0
1822,20,38,73,1,0
1823,20,24,1,1,0
1824,20,25,1,1,0
1825,20,26,1,1,0
1826,20,27,1,1,0
1827,20,28,1,1,0
1828,20,10,88,1,0
1829,20,11,88,1,0
1830,20,12,88,1,0
1831,20,13,88,1,0
1832,20,14,34,1,0
1833,20,15,34,1,0
1834,20,16,34,1,0
1835,20,43,37,1,0
1836,20,44,37,1,0
1837,20,45,37,1,0
1838,20,46,37,1,0
1839,20,47,37,1,0
1840,20,48,37,1,0
1841,20,49,37,1,0
1842,20,14,61,1,0
1843,20,15,61,1,0
1844,20,16,61,1,0
1845,20,17,67,1,0
1846,20,18,67,1,0
1847,20,19,67,1,0
1848,20,20,67,1,0
1849,20,21,67,1,0
1850,20,22,67,1,0
1851,20,23,67,1,0
1852,20,17,50,1,0
1853,20,18,50,1,0
1854,20,19,50,1,0
1855,20,20,50,1,0
1856,20,21,50,1,0
1857,20,22,50,1,0
1858,20,23,50,1,0
1859,20,17,21,1,0
1860,20,18,21,1,0
1861,20,19,21,1,0
1862,20,20,21,1,0
1863,20,21,21,1,0
1864,20,22,21,1,0
1865,20,23,21,1,0
1866,21,39,86,1,0
1867,21,40,86,1,0
1868,21,41,86,1,0
1869,21,42,86,1,0
1870,21,14,31,2,0
1871,21,15,31,2,0
1872,21,16,31,2,0
1873,21,1,25,1,0
1874,21,2,25,1,0
1875,21,17,5,1,0
1876,21,18,5,1,0
1877,21,19,5,1,0
1878,21,20,5,1,0
1879,21,21,5,1,0
1880,21,22,5,1,0
1881,21,23,5,1,0
1882,21,1,66,1,0
1883,21,2,66,1,0
1884,21,24,32,1,0
1885,21,25,32,1,0
1886,21,26,32,1,0
1887,21,27,32,1,0
1888,21,28,32,1,0
1889,21,3,71,1,0
1890,21,4,71,1,0
1891,21,5,71,1,0
1892,21,6,71,1,0
1893,21,7,71,1,0
1894,21,8,71,1,0
1895,21,9,71,1,0
1896,21,14,63,1,0
1897,21,15,63,1,0
1898,21,16,63,1,0
1899,21,29,62,1,0
1900,21,30,62,1,0
1901,21,31,62,1,0
1902,21,32,62,1,0
1903,21,33,62,1,0
1904,21,34,62,1,0
1905,21,35,62,1,0
1906,21,36,62,1,0
1907,21,37,62,1,0
1908,21,38,62,1,0
1909,21,39,36,1,0
1910,21,40,36,1,0
1911,21,41,36,1,0
1912,21,42,36,1,0
1913,21,29,37,1,0
1914,21,30,37,1,0
1915,21,31,37,1,0
1916,21,32,37,1,0
1917,21,33,37,1,0
1918,21,34,37,1,0
1919,21,35,37,1,0
1920,21,36,37,1,0
1921,21,37,37,1,0
1922,21,38,37,1,0
1923,21,10,48,1,0
1924,21,11,48,1,0
1925,21,12,48,1,0
1926,21,13,48,1,0
1927,21,3,9,1,0
1928,21,4,9,1,0
1929,21,5,9,1,0
1930,21,6,9,1,0
1931,21,7,9,1,0
1932,21,8,9,1,0
1933,21,9,9,1,0
1934,21,1,28,1,0
1935,21,2,28,1,0
1936,21,1,48,1,0
1937,21,2,48,1,0
1938,21,29,68,1,0
1939,21,30,68,1,0
1940,21,31,68,1,0
1941,21,32,68,1,0
1942,21,33,68,1,0
1943,21,34,68,1,0
1944,21,35,68,1,0
1945,21,36,68,1,0
1946,21,37,68,1,0
1947,21,38,68,1,0
1948,21,29,20,1,0
1949,21,30,20,1,0
1950,21,31,20,1,0
1951,21,32,20,1,0
1952,21,33,20,1,0
1953,21,34,20,1,0
1954,21,35,20,1,0
1955,21,36,20,1,0
1956,21,37,20,1,0
1957,21,38,20,1,0
1958,21,1,86,1,0
1959,21,2,86,1,0
1960,21,3,73,1,0
1961,21,4,73,1,0
1962,21,5,73,1,0
1963,21,6,73,1,0
1964,21,7,73,1,0
1965,21,8,73,1,0
1966,21,9,73,1,0
1967,21,14,25,1,0
1968,21,15,25,1,0
1969,21,16,25,1,0
1970,21,1,26,1,0
1971,21,2,26,1,0
1972,21,43,5,1,0
1973,21,44,5,1,0
1974,21,45,5,1,0
1975,21,46,5,1,0
1976,21,47,5,1,0
1977,21,48,5,1,0
1978,21,49,5,1,0
1979,21,3,90,1,0
1980,21,4,90,1,0
1981,21,5,90,1,0
1982,21,6,90,1,0
1983,21,7,90,1,0
1984,21,8,90,1,0
1985,21,9,90,1,0
1986,21,14,38,1,0
1987,21,15,38,1,0
1988,21,16,38,1,0
1989,21,17,25,1,0
1990,21,18,25,1,0
1991,21,19,25,1,0
1992,21,20,25,1,0
1993,21,21,25,1,0
1994,21,22,25,1,0
1995,21,23,25,1,0
1996,21,3,80,1,0
1997,21,4,80,1,0
1998,21,5,80,1,0
1999,21,6,80,1,0
2000,21,7,80,1,0
2001,21,8,80,1,0
2002,21,9,80,1,0
2003,21,1,3,1,0
2004,21,2,3,1,0
2005,21,29,71,1,0
2006,21,30,71,1,0
2007,21,31,71,1,0
2008,21,32,71,1,0
2009,21,33,71,1,0
2010,21,34,71,1,0
2011,21,35,71,1,0
2012,21,36,71,1,0
2013,21,37,71,1,0
2014,21,38,71,1,0
2015,21,39,7,1,0
2016,21,40,7,1,0
2017,21,41,7,1,0
2018,21,42,7,1,0
2019,21,1,55,1,0
2020,21,2,55,1,0
2021,21,10,32,1,0
2022,21,11,32,1,0
2023,21,12,32,1,0
2024,21,13,32,1,0
2025,21,10,3,1,0
2026,21,11,3,1,0
2027,21,12,3,1,0
2028,21,13,3,1,0
2029,21,3,18,1,0
2030,21,4,18,1,0
2031,21,5,18,1,0
2032,21,6,18,1,0
2033,21,7,18,1,0
2034,21,8,18,1,0
2035,21,9,18,1,0
2036,21,10,56,1,0
2037,21,11,56,1,0
2038,21,12,56,1,0
2039,21,13,56,1,0
2040,21,3,59,1,0
2041,21,4,59,1,0
2042,21,5,59,1,0
2043,21,6,59,1,0
2044,21,7,59,1,0
2045,21,8,59,1,0
2046,21,9,59,1,0
2047,21,43,37,1,0
2048,21,44,37,1,0
2049,21,45,37,1,0
2050,21,46,37,1,0
2051,21,47,37,1,0
2052,21,48,37,1,0
2053,21,49,37,1,0
2054,22,14,83,1,0
2055,22,15,83,1,0
2056,22,16,83,1,0
2057,22,1,5,1,0
2058,22,2,5,1,0
2059,22,1,34,1,0
2060,22,2,34,1,0
2061,22,3,63,1,0
2062,22,4,63,1,0
2063,22,5,63,1,0
2064,22,6,63,1,0
2065,22,7,63,1,0
2066,22,8,63,1,0
2067,22,9,63,1,0
2068,22,14,1,2,0
2069,22,15,1,2,0
2070,22,16,1,2,0
2071,22,10,89,2,0
2072,22,11,89,2,0
2073,22,12,89,2,0
2074,22,13,89,2,0
2075,22,39,63,1,0
2076,22,40,63,1,0
2077,22,41,63,1,0
2078,22,42,63,1,0
2079,22,29,90,1,0
2080,22,30,90,1,0
2081,22,31,90,1,0
2082,22,32,90,1,0
2083,22,33,90,1,0
2084,22,34,90,1,0
2085,22,35,90,1,0
2086,22,36,90,1,0
2087,22,37,90,1,0
2088,22,38,90,1,0
2089,22,39,89,1,0
2090,22,40,89,1,0
2091,22,41,89,1,0
2092,22,42,89,1,0
2093,22,10,47,1,0
2094,22,11,47,1,0
2095,22,12,47,1,0
2096,22,13,47,1,0
2097,22,14,20,1,0
2098,22,15,20,1,0
2099,22,16,20,1,0
2100,22,10,52,1,0
2101,22,11,52,1,0
2102,22,12,52,1,0
2103,22,13,52,1,0
2104,22,10,71,1,0
2105,22,11,71,1,0
2106,22,12,71,1,0
2107,22,13,71,1,0
2108,22,24,37,1,0
2109,22,25,37,1,0
2110,22,26,37,1,0
2111,22,27,37,1,0
2112,22,28,37,1,0
2113,22,24,24,1,0
2114,22,25,24,1,0
2115,22,26,24,1,0
2116,22,27,24,1,0
2117,22,28,24,1,0
2118,22,24,62,1,0
2119,22,25,62,1,0
2120,22,26,62,1,0
2121,22,27,62,1,0
2122,22,28,62,1,0
2123,22,43,35,1,0
2124,22,44,35,1,0
2125,22,45,35,1,0
2126,22,46,35,1,0
2127,22,47,35,1,0
2128,22,48,35,1,0
2129,22,49,35,1,0
2130,22,39,55,1,0
2131,22,40,55,1,0
2132,22,41,55,1,0
2133,22,42,55,1,0
2134,22,14,4,1,0
2135,22,15,4,1,0
2136,22,16,4,1,0
2137,22,24,77,1,0
2138,22,25,77,1,0
2139,22,26,77,1,0
2140,22,27,77,1,0
2141,22,28,77,1,0
2142,22,1,31,1,0
2143,22,2,31,1,0
2144,22,1,27,1,0
2145,22,2,27,1,0
2146,22,17,71,2,0
2147,22,18,71,2,0
2148,22,19,71,2,0
2149,22,20,71,2,0
2150,22,21,71,2,0
2151,22,22,71,2,0
2152,22,23,71,2,0
2153,22,10,37,1,0
2154,22,11,37,1,0
2155,22,12,37,1,0
2156,22,13,37,1,0
2157,22,1,71,1,0
2158,22,2,71,1,0
2159,22,10,9,1,0
2160,22,11,9,1,0
2161,22,12,9,1,0
2162,22,13,9,1,0
2163,22,14,64,1,0
2164,22,15,64,1,0
2165,22,16,64,1,0
2166,22,1,25,1,0
2167,22,2,25,1,0
2168,22,1,39,1,0
2169,22,2,39,1,0
2170,22,39,45,1,0
2171,22,40,45,1,0
2172,22,41,45,1,0
2173,22,42,45,1,0
2174,22,39,61,1,0
2175,22,40,61,1,0
2176,22,41,61,1,0
2177,22,42,61,1,0
2178,22,17,63,1,0
2179,22,18,63,1,0
2180,22,19,63,1,0
2181,22,20,63,1,0
2182,22,21,63,1,0
2183,22,22,63,1,0
2184,22,23,63,1,0
2185,22,39,71,1,0
2186,22,40,71,1,0
2187,22,41,71,1,0
2188,22,42,71,1,0
2189,22,39,51,1,0
2190,22,40,51,1,0
2191,22,41,51,1,0
2192,22,42,51,1,0
2193,22,14,21,1,0
2194,22,15,21,1,0
2195,22,16,21,1,0
2196,23,14,19,1,0
2197,23,15,19,1,0
2198,23,16,19,1,0
2199,23,3,66,1,0
2200,23,4,66,1,0
2201,23,5,66,1,0
2202,23,6,66,1,0
2203,23,7,66,1,0
2204,23,8,66,1,0
2205,23,9,66,1,0
2206,23,14,62,1,0
2207,23,15,62,1,0
2208,23,16,62,1,0
2209,23,39,47,1,0
2210,23,40,47,1,0
2211,23,41,47,1,0
2212,23,42,47,1,0
2213,23,17,9,1,0
2214,23,18,9,1,0
2215,23,19,9,1,0
2216,23,20,9,1,0
2217,23,21,9,1,0
2218,23,22,9,1,0
2219,23,23,9,1,0
2220,23,29,14,1,0
2221,23,30,14,1,0
2222,23,31,14,1,0
2223,23,32,14,1,0
2224,23,33,14,1,0
2225,23,34,14,1,0
2226,23,35,14,1,0
2227,23,36,14,1,0
2228,23,37,14,1,0
2229,23,38,14,1,0
2230,23,10,9,1,0
2231,23,11,9,1,0
2232,23,12,9,1,0
2233,23,13,9,1,0
2234,23,1,5,1,0
2235,23,2,5,1,0
2236,23,3,31,1,0
2237,23,4,31,1,0
2238,23,5,31,1,0
2239,23,6,31,1,0
2240,23,7,31,1,0
2241,23,8,31,1,0
2242,23,9,31,1,0
2243,23,24,45,1,0
2244,23,25,45,1,0
2245,23,26,45,1,0
2246,23,27,45,1,0
2247,23,28,45,1,0
2248,23,43,37,1,0
2249,23,44,37,1,0
2250,23,45,37,1,0
2251,23,46,37,1,0
2252,23,47,37,1,0
2253,23,48,37,1,0
2254,23,49,37,1,0
2255,23,3,85,1,0
2256,23,4,85,1,0
2257,23,5,85,1,0
2258,23,6,85,1,0
2259,23,7,85,1,0
2260,23,8,85,1,0
2261,23,9,85,1,0
2262,23,3,74,1,0
2263,23,4,74,1,0
2264,23,5,74,1,0
2265,23,6,74,1,0
2266,23,7,74,1,0
2267,23,8,74,1,0
2268,23,9,74,1,0
2269,23,10,85,1,0
2270,23,11,85,1,0
2271,23,12,85,1,0
2272,23,13,85,1,0
2273,23,14,89,1,0
2274,23,15,89,1,0
2275,23,16,89,1,0
2276,23,14,4,1,0
2277,23,15,4,1,0
2278,23,16,4,1,0
2279,23,10,10,1,0
2280,23,11,10,1,0
2281,23,12,10,1,0
2282,23,13,10,1,0
2283,23,1,4,1,0
2284,23,2,4,1,0
2285,23,24,83,1,0
2286,23,25,83,1,0
2287,23,26,83,1,0
2288,23,27,83,1,0
2289,23,28,83,1,0
2290,23,43,63,1,0
2291,23,44,63,1,0
2292,23,45,63,1,0
2293,23,46,63,1,0
2294,23,47,63,1,0
2295,23,48,63,1,0
2296,23,49,63,1,0
2297,23,1,14,1,0
2298,23,2,14,1,0
2299,23,24,59,1,0
2300,23,25,59,1,0
2301,23,26,59,1,0
2302,23,27,59,1,0
2303,23,28,59,1,0
2304,23,10,71,1,0
2305,23,11,71,1,0
2306,23,12,71,1,0
2307,23,13,71,1,0
2308,23,14,38,1,0
2309,23,15,38,1,0
2310,23,16,38,1,0
2311,23,43,87,1,0
2312,23,44,87,1,0
2313,23,45,87,1,0
2314,23,46,87,1,0
2315,23,47,87,1,0
2316,23,48,87,1,0
2317,23,49,87,1,0
2318,23,10,68,2,0
2319,23,11,68,2,0
2320,23,12,68,2,0
2321,23,13,68,2,0
2322,23,3,53,1,0
2323,23,4,53,1,0
2324,23,5,53,1,0
2325,23,6,53,1,0
2326,23,7,53,1,0
2327,23,8,53,1,0
2328,23,9,53,1,0
2329,23,10,27,1,0
2330,23,11,27,1,0
2331,23,12,27,1,0
2332,23,13,27,1,0
2333,23,24,49,1,0
2334,23,25,49,1,0
2335,23,26,49,1,0
2336,23,27,49,1,0
2337,23,28,49,1,0
2338,23,14,9,1,0
2339,23,15,9,1,0
2340,23,16,9,1,0
2341,23,39,75,1,0
2342,23,40,75,1,0
2343,23,41,75,1,0
2344,23,42,75,1,0
2345,23,24,71,1,0
2346,23,25,71,1,0
2347,23,26,71,1,0
2348,23,27,71,1,0
2349,23,28,71,1,0
2350,23,10,2,1,0
2351,23,11,2,1,0
2352,23,12,2,1,0
2353,23,13,2,1,0
2354,24,14,50,1,0
2355,24,15,50,1,0
2356,24,16,50,1,0
2357,24,17,65,1,0
2358,24,18,65,1,0
2359,24,19,65,1,0
2360,24,20,65,1,0
2361,24,21,65,1,0
2362,24,22,65,1,0
2363,24,23,65,1,0
2364,24,10,24,1,0
2365,24,11,24,1,0
2366,24,12,24,1,0
2367,24,13,24,1,0
2368,24,10,23,1,0
2369,24,11,23,1,0
2370,24,12,23,1,0
2371,24,13,23,1,0
2372,24,24,20,1,0
2373,24,25,20,1,0
2374,24,26,20,1,0
2375,24,27,20,1,0
2376,24,28,20,1,0
2377,24,10,63,1,0
2378,24,11,63,1,0
2379,24,12,63,1,0
2380,24,13,63,1,0
2381,24,14,56,1,0
2382,24,15,56,1,0
2383,24,16,56,1,0
2384,24,14,76,1,0
2385,24,15,76,1,0
2386,24,16,76,1,0
2387,24,10,4,2,0
2388,24,11,4,2,0
2389,24,12,4,2,0
2390,24,13,4,2,0
2391,24,10,83,1,0
2392,24,11,83,1,0
2393,24,12,83,1,0
2394,24,13,83,1,0
2395,24,39,34,1,0
2396,24,40,34,1,0
2397,24,41,34,1,0
2398,24,42,34,1,0
2399,24,43,20,1,0
2400,24,44,20,1,0
2401,24,45,20,1,0
2402,24,46,20,1,0
2403,24,47,20,1,0
2404,24,48,20,1,0
2405,24,49,20,1,0
2406,24,10,44,1,0
2407,24,11,44,1,0
2408,24,12,44,1,0
2409,24,13,44,1,0
2410,24,1,20,2,0
2411,24,2,20,2,0
2412,24,14,24,1,0
2413,24,15,24,1,0
2414,24,16,24,1,0
2415,24,29,78,1,0
2416,24,30,78,1,0
2417,24,31,78,1,0
2418,24,32,78,1,0
2419,24,33,78,1,0
2420,24,34,78,1,0
2421,24,35,78,1,0
2422,24,36,78,1,0
2423,24,37,78,1,0
2424,24,38,78,1,0
2425,24,29,31,1,0
2426,24,30,31,1,0
2427,24,31,31,1,0
2428,24,32,31,1,0
2429,24,33,31,1,0
2430,24,34,31,1,0
2431,24,35,31,1,0
2432,24,36,31,1,0
2433,24,37,31,1,0
2434,24,38,31,1,0
2435,24,10,5,1,0
2436,24,11,5,1,0
2437,24,12,5,1,0
2438,24,13,5,1,0
2439,24,10,52,1,0
2440,24,11,52,1,0
2441,24,12,52,1,0
2442,24,13,52,1,0
2443,24,3,46,1,0
2444,24,4,46,1,0
2445,24,5,46,1,0
2446,24,6,46,1,0
2447,24,7,46,1,0
2448,24,8,46,1,0
2449,24,9,46,1,0
2450,24,3,87,1,0
2451,24,4,87,1,0
2452,24,5,87,1,0
2453,24,6,87,1,0
2454,24,7,87,1,0
2455,24,8,87,1,0
2456,24,9,87,1,0
2457,24,43,12,1,0
2458,24,44,12,1,0
2459,24,45,12,1,0
2460,24,46,12,1,0
2461,24,47,12,1,0
2462,24,48,12,1,0
2463,24,49,12,1,0
2464,24,14,34,1,0
2465,24,15,34,1,0
2466,24,16,34,1,0
2467,24,14,49,1,0
2468,24,15,49,1,0
2469,24,16,49,1,0
2470,24,1,33,1,0
2471,24,2,33,1,0
2472,24,39,62,1,0
2473,24,40,62,1,0
2474,24,41,62,1,0
2475,24,42,62,1,0
2476,24,3,41,1,0
2477,24,4,41,1,0
2478,24,5,41,1,0
2479,24,6,41,1,0
2480,24,7,41,1,0
2481,24,8,41,1,0
2482,24,9,41,1,0
2483,24,1,63,1,0
2484,24,2,63,1,0
2485,24,1,23,1,0
2486,24,2,23,1,0
2487,24,24,31,1,0
2488,24,25,31,1,0
2489,24,26,31,1,0
2490,24,27,31,1,0
2491,24,28,31,1,0
2492,24,24,25,1,0
2493,24,25,25,1,0
2494,24,26,25,1,0
2495,24,27,25,1,0
2496,24,28,25,1,0
2497,24,1,91,1,0
2498,24,2,91,1,0
2499,24,24,61,1,0
2500,24,25,61,1,0
2501,24,26,61,1,0
2502,24,27,61,1,0
2503,24,28,61,1,0
2504,24,39,20,1,0
2505,24,40,20,1,0
2506,24,41,20,1,0
2507,24,42,20,1,0
2508,24,10,35,1,0
2509,24,11,35,1,0
2510,24,12,35,1,0
2511,24,13,35,1,0
2512,24,29,17,1,0
2513,24,30,17,1,0
2514,24,31,17,1,0
2515,24,32,17,1,0
2516,24,33,17,1,0
2517,24,34,17,1,0
2518,24,35,17,1,0
2519,24,36,17,1,0
2520,24,37,17,1,0
2521,24,38,17,1,0
2522,24,3,38,1,0
2523,24,4,38,1,0
2524,24,5,38,1,0
2525,24,6,38,1,0
2526,24,7,38,1,0
2527,24,8,38,1,0
2528,24,9,38,1,0
2529,24,43,39,1,0
2530,24,44,39,1,0
2531,24,45,39,1,0
2532,24,46,39,1,0
2533,24,47,39,1,0
2534,24,48,39,1,0
2535,24,49,39,1,0
2536,24,1,72,1,0
2537,24,2,72,1,0
2538,24,14,8,1,0
2539,24,15,8,1,0
2540,24,16,8,1,0
2541,24,14,73,1,0
2542,24,15,73,1,0
2543,24,16,73,1,0
2544,24,14,88,1,0
2545,24,15,88,1,0
2546,24,16,88,1,0
2547,24,24,72,1,0
2548,24,25,72,1,0
2549,24,26,72,1,0
2550,24,27,72,1,0
2551,24,28,72,1,0
2552,24,3,77,1,0
2553,24,4,77,1,0
2554,24,5,77,1,0
2555,24,6,77,1,0
2556,24,7,77,1,0
2557,24,8,77,1,0
2558,24,9,77,1,0
2559,24,10,84,1,0
2560,24,11,84,1,0
2561,24,12,84,1,0
2562,24,13,84,1,0
2563,24,14,27,1,0
2564,24,15,27,1,0
2565,24,16,27,1,0
2566,25,3,55,1,0
2567,25,4,55,1,0
2568,25,5,55,1,0
2569,25,6,55,1,0
2570,25,7,55,1,0
2571,25,8,55,1,0
2572,25,9,55,1,0
2573,25,29,88,1,0
2574,25,30,88,1,0
2575,25,31,88,1,0
2576,25,32,88,1,0
2577,25,33,88,1,0
2578,25,34,88,1,0
2579,25,35,88,1,0
2580,25,36,88,1,0
2581,25,37,88,1,0
2582,25,38,88,1,0
2583,25,3,42,1,0
2584,25,4,42,1,0
2585,25,5,42,1,0
2586,25,6,42,1,0
2587,25,7,42,1,0
2588,25,8,42,1,0
2589,25,9,42,1,0
2590,25,39,47,1,0
2591,25,40,47,1,0
2592,25,41,47,1,0
2593,25,42,47,1,0
2594,25,17,66,1,0
2595,25,18,66,1,0
2596,25,19,66,1,0
2597,25,20,66,1,0
2598,25,21,66,1,0
2599,25,22,66,1,0
2600,25,23,66,1,0
2601,25,1,67,1,0
2602,25,2,67,1,0
2603,25,10,84,1,0
2604,25,11,84,1,0
2605,25,12,84,1,0
2606,25,13,84,1,0
2607,25,3,71,1,0
2608,25,4,71,1,0
2609,25,5,71,1,0
2610,25,6,71,1,0
2611,25,7,71,1,0
2612,25,8,71,1,0
2613,25,9,71,1,0
2614,25,14,32,1,0
2615,25,15,32,1,0
2616,25,16,32,1,0
2617,25,10,39,1,0
2618,25,11,39,1,0
2619,25,12,39,1,0
2620,25,13,39,1,0
2621,25,29,49,1,0
2622,25,30,49,1,0
2623,25,31,49,1,0
2624,25,32,49,1,0
2625,25,33,49,1,0
2626,25,34,49,1,0
2627,25,35,49,1,0
2628,25,36,49,1,0
2629,25,37,49,1,0
2630,25,38,49,1,0
2631,25,3,12,1,0
2632,25,4,12,1,0
2633,25,5,12,1,0
2634,25,6,12,1,0
2635,25,7,12,1,0
2636,25,8,12,1,0
2637,25,9,12,1,0
2638,25,10,65,1,0
2639,25,11,65,1,0
2640,25,12,65,1,0
2641,25,13,65,1,0
2642,25,1,75,1,0
2643,25,2,75,1,0
2644,25,24,82,1,0
2645,25,25,82,1,0
2646,25,26,82,1,0
2647,25,27,82,1,0
2648,25,28,82,1,0
2649,25,17,46,1,0
2650,25,18,46,1,0
2651,25,19,46,1,0
2652,25,20,46,1,0
2653,25,21,46,1,0
2654,25,22,46,1,0
2655,25,23,46,1,0
2656,25,39,24,1,0
2657,25,40,24,1,0
2658,25,41,24,1,0
2659,25,42,24,1,0
2660,25,1,17,1,0
2661,25,2,17,1,0
2662,25,24,7,1,0
2663,25,25,7,1,0
2664,25,26,7,1,0
2665,25,27,7,1,0
2666,25,28,7,1,0
2667,25,1,9,1,0
2668,25,2,9,1,0
2669,25,43,64,1,0
2670,25,44,64,1,0
2671,25,45,64,1,0
2672,25,46,64,1,0
2673,25,47,64,1,0
2674,25,48,64,1,0
2675,25,49,64,1,0
2676,25,43,38,1,0
2677,25,44,38,1,0
2678,25,45,38,1,0
2679,25,46,38,1,0
2680,25,47,38,1,0
2681,25,48,38,1,0
2682,25,49,38,1,0
2683,25,14,81,1,0
2684,25,15,81,1,0
2685,25,16,81,1,0
2686,25,10,70,1,0
2687,25,11,70,1,0
2688,25,12,70,1,0
2689,25,13,70,1,0
2690,25,3,41,1,0
2691,25,4,41,1,0
2692,25,5,41,1,0
2693,25,6,41,1,0
2694,25,7,41,1,0
2695,25,8,41,1,0
2696,25,9,41,1,0
2697,25,24,56,1,0
2698,25,25,56,1,0
2699,25,26,56,1,0
2700,25,27,56,1,0
2701,25,28,56,1,0
2702,25,1,81,1,0
2703,25,2,81,1,0
2704,25,1,1,1,0
2705,25,2,1,1,0
2706,25,29,20,1,0
2707,25,30,20,1,0
2708,25,31,20,1,0
2709,25,32,20,1,0
2710,25,33,20,1,0
2711,25,34,20,1,0
2712,25,35,20,1,0
2713,25,36,20,1,0
2714,25,37,20,1,0
2715,25,38,20,1,0
2716,25,43,5,1,0
2717,25,44,5,1,0
2718,25,45,5,1,0
2719,25,46,5,1,0
2720,25,47,5,1,0
2721,25,48,5,1,0
2722,25,49,5,1,0
2723,25,10,47,1,0
2724,25,11,47,1,0
2725,25,12,47,1,0
2726,25,13,47,1,0
2727,25,10,81,1,0
2728,25,11,81,1,0
2729,25,12,81,1,0
2730,25,13,81,1,0
2731,25,14,47,1,0
2732,25,15,47,1,0
2733,25,16,47,1,0
2734,25,17,76,1,0
2735,25,18,76,1,0
2736,25,19,76,1,0
2737,25,20,76,1,0
2738,25,21,76,1,0
2739,25,22,76,1,0
2740,25,23,76,1,0
2741,25,1,80,1,0
2742,25,2,80,1,0
2743,25,14,84,1,0
2744,25,15,84,1,0
2745,25,16,84,1,0
2746,25,39,59,1,0
2747,25,40,59,1,0
2748,25,41,59,1,0
2749,25,42,59,1,0
2750,25,39,63,1,0
2751,25,40,63,1,0
2752,25,41,63,1,0
2753,25,42,63,1,0
2754,25,3,76,1,0
2755,25,4,76,1,0
2756,25,5,76,1,0
2757,25,6,76,1,0
2758,25,7,76,1,0
2759,25,8,76,1,0
2760,25,9,76,1,0
2761,25,14,71,1,0
2762,25,15,71,1,0
2763,25,16,71,1,0
2764,25,29,16,1,0
2765,25,30,16,1,0
2766,25,31,16,1,0
2767,25,32,16,1,0
2768,25,33,16,1,0
2769,25,34,16,1,0
2770,25,35,16,1,0
2771,25,36,16,1,0
2772,25,37,16,1,0
2773,25,38,16,1,0
2774,25,43,39,1,0
2775,25,44,39,1,0
2776,25,45,39,1,0
2777,25,46,39,1,0
2778,25,47,39,1,0
2779,25,48,39,1,0
2780,25,49,39,1,0
2781,25,1,84,1,0
2782,25,2,84,1,0
2783,25,17,67,1,0
2784,25,18,67,1,0
2785,25,19,67,1,0
2786,25,20,67,1,0
2787,25,21,67,1,0
2788,25,22,67,1,0
2789,25,23,67,1,0
2790,25,39,65,1,0
2791,25,40,65,1,0
2792,25,41,65,1,0
2793,25,42,65,1,0
2794,25,43,6,1,0
2795,25,44,6,1,0
2796,25,45,6,1,0
2797,25,46,6,1,0
2798,25,47,6,1,0
2799,25,48,6,1,0
2800,25,49,6,1,0
2801,25,10,20,1,0
2802,25,11,20,1,0
2803,25,12,20,1,0
2804,25,13,20,1,0
2805,25,10,55,1,0
2806,25,11,55,1,0
2807,25,12,55,1,0
2808,25,13,55,1,0
2809,25,10,3,1,0
2810,25,11,3,1,0
2811,25,12,3,1,0
2812,25,13,3,1,0
2813,25,39,5,1,0
2814,25,40,5,1,0
2815,25,41,5,1,0
2816,25,42,5,1,0
2817,25,3,40,1,0
2818,25,4,40,1,0
2819,25,5,40,1,0
2820,25,6,40,1,0
2821,25,7,40,1,0
2822,25,8,40,1,0
2823,25,9,40,1,0
2824,25,1,25,1,0
2825,25,2,25,1,0
2826,25,10,26,1,0
2827,25,11,26,1,0
2828,25,12,26,1,0
2829,25,13,26,1,0
2830,25,14,89,1,0
2831,25,15,89,1,0
2832,25,16,89,1,0
2833,25,39,44,1,0
2834,25,40,44,1,0
2835,25,41,44,1,0
2836,25,42,44,1,0
2837,26,14,35,2,0
2838,26,15,35,2,0
2839,26,16,35,2,0
2840,26,14,4,1,0
2841,26,15,4,1,0
2842,26,16,4,1,0
2843,26,3,63,1,0
2844,26,4,63,1,0
2845,26,5,63,1,0
2846,26,6,63,1,0
2847,26,7,63,1,0
2848,26,8,63,1,0
2849,26,9,63,1,0
2850,26,17,5,1,0
2851,26,18,5,1,0
2852,26,19,5,1,0
2853,26,20,5,1,0
2854,26,21,5,1,0
2855,26,22,5,1,0
2856,26,23,5,1,0
2857,26,24,48,1,0
2858,26,25,48,1,0
2859,26,26,48,1,0
2860,26,27,48,1,0
2861,26,28,48,1,0
2862,26,29,62,1,0
2863,26,30,62,1,0
2864,26,31,62,1,0
2865,26,32,62,1,0
2866,26,33,62,1,0
2867,26,34,62,1,0
2868,26,35,62,1,0
2869,26,36,62,1,0
2870,26,37,62,1,0
2871,26,38,62,1,0
2872,26,17,72,1,0
2873,26,18,72,1,0
2874,26,19,72,1,0
2875,26,20,72,1,0
2876,26,21,72,1,0
2877,26,22,72,1,0
2878,26,23,72,1,0
2879,26,17,91,1,0
2880,26,18,91,1,0
2881,26,19,91,1,0
2882,26,20,91,1,0
2883,26,21,91,1,0
2884,26,22,91,1,0
2885,26,23,91,1,0
2886,26,43,9,1,0
2887,26,44,9,1,0
2888,26,45,9,1,0
2889,26,46,9,1,0
2890,26,47,9,1,0
2891,26,48,9,1,0
2892,26,49,9,1,0
2893,26,17,30,2,0
2894,26,18,30,2,0
2895,26,19,30,2,0
2896,26,20,30,2,0
2897,26,21,30,2,0
2898,26,22,30,2,0
2899,26,23,30,2,0
2900,26,14,90,1,0
2901,26,15,90,1,0
2902,26,16,90,1,0
2903,26,14,5,1,0
2904,26,15,5,1,0
2905,26,16,5,1,0
2906,26,29,9,1,0
2907,26,30,9,1,0
2908,26,31,9,1,0
2909,26,32,9,1,0
2910,26,33,9,1,0
2911,26,34,9,1,0
2912,26,35,9,1,0
2913,26,36,9,1,0
2914,26,37,9,1,0
2915,26,38,9,1,0
2916,26,1,67,1,0
2917,26,2,67,1,0
2918,26,14,63,1,0
2919,26,15,63,1,0
2920,26,16,63,1,0
2921,26,10,90,1,0
2922,26,11,90,1,0
2923,26,12,90,1,0
2924,26,13,90,1,0
2925,26,29,24,1,0
2926,26,30,24,1,0
2927,26,31,24,1,0
2928,26,32,24,1,0
2929,26,33,24,1,0
2930,26,34,24,1,0
2931,26,35,24,1,0
2932,26,36,24,1,0
2933,26,37,24,1,0
2934,26,38,24,1,0
2935,26,14,12,1,0
2936,26,15,12,1,0
2937,26,16,12,1,0
2938,26,14,71,1,0
2939,26,15,71,1,0
2940,26,16,71,1,0
2941,26,39,48,1,0
2942,26,40,48,1,0
2943,26,41,48,1,0
2944,26,42,48,1,0
2945,26,14,45,1,0
2946,26,15,45,1,0
2947,26,16,45,1,0
2948,26,24,76,1,0
2949,26,25,76,1,0
2950,26,26,76,1,0
2951,26,27,76,1,0
2952,26,28,76,1,0
2953,26,1,34,1,0
2954,26,2,34,1,0
2955,26,39,29,1,0
2956,26,40,29,1,0
2957,26,41,29,1,0
2958,26,42,29,1,0
2959,26,1,30,1,0
2960,26,2,30,1,0
2961,26,43,65,1,0
2962,26,44,65,1,0
2963,26,45,65,1,0
2964,26,46,65,1,0
2965,26,47,65,1,0
2966,26,48,65,1,0
2967,26,49,65,1,0
2968,26,29,18,1,0
2969,26,30,18,1,0
2970,26,31,18,1,0
2971,26,32,18,1,0
2972,26,33,18,1,0
2973,26,34,18,1,0
2974,26,35,18,1,0
2975,26,36,18,1,0
2976,26,37,18,1,0
2977,26,38,18,1,0
2978,26,29,44,1,0
2979,26,30,44,1,0
2980,26,31,44,1,0
2981,26,32,44,1,0
2982,26,33,44,1,0
2983,26,34,44,1,0
2984,26,35,44,1,0
2985,26,36,44,1,0
2986,26,37,44,1,0
2987,26,38,44,1,0
2988,26,14,50,1,0
2989,26,15,50,1,0
2990,26,16,50,1,0
2991,26,43,39,1,0
2992,26,44,39,1,0
2993,26,45,39,1,0
2994,26,46,39,1,0
2995,26,47,39,1,0
2996,26,48,39,1,0
2997,26,49,39,1,0
2998,26,1,71,1,0
2999,26,2,71,1,0
3000,26,10,20,1,0
3001,26,11,20,1,0
3002,26,12,20,1,0
3003,26,13,20,1,0
3004,26,29,50,1,0
3005,26,30,50,1,0
3006,26,31,50,1,0
3007,26,32,50,1,0
3008,26,33,50,1,0
3009,26,34,50,1,0
3010,26,35,50,1,0
3011,26,36,50,1,0
3012,26,37,50,1,0
3013,26,38,50,1,0
3014,26,10,37,1,0
3015,26,11,37,1,0
3016,26,12,37,1,0
3017,26,13,37,1,0
3018,26,14,54,1,0
3019,26,15,54,1,0
3020,26,16,54,1,0
3021,26,17,46,1,0
3022,26,18,46,1,0
3023,26,19,46,1,0
3024,26,20,46,1,0
3025,26,21,46,1,0
3026,26,22,46,1,0
3027,26,23,46,1,0
3028,26,1,88,1,0
3029,26,2,88,1,0
3030,26,1,24,1,0
3031,26,2,24,1,0
3032,26,10,34,1,0
3033,26,11,34,1,0
3034,26,12,34,1,0
3035,26,13,34,1,0
3036,26,10,89,1,0
3037,26,11,89,1,0
3038,26,12,89,1,0
3039,26,13,89,1,0
3040,26,43,88,1,0
3041,26,44,88,1,0
3042,26,45,88,1,0
3043,26,46,88,1,0
3044,26,47,88,1,0
3045,26,48,88,1,0
3046,26,49,88,1,0
3047,26,14,91,1,0
3048,26,15,91,1,0
3049,26,16,91,1,0
3050,26,24,74,1,0
3051,26,25,74,1,0
3052,26,26,74,1,0
3053,26,27,74,1,0
3054,26,28,74,1,0
3055,26,14,66,1,0
3056,26,15,66,1,0
3057,26,16,66,1,0
3058,26,1,70,1,0
3059,26,2,70,1,0
3060,26,1,90,1,0
3061,26,2,90,1,0
3062,26,10,30,1,0
3063,26,11,30,1,0
3064,26,12,30,1,0
3065,26,13,30,1,0
3066,26,3,37,1,0
3067,26,4,37,1,0
3068,26,5,37,1,0
3069,26,6,37,1,0
3070,26,7,37,1,0
3071,26,8,37,1,0
3072,26,9,37,1,0
3073,26,14,62,1,0
3074,26,15,62,1,0
3075,26,16,62,1,0
3076,26,24,62,1,0
3077,26,25,62,1,0
3078,26,26,62,1,0
3079,26,27,62,1,0
3080,26,28,62,1,0
3081,26,3,80,1,0
3082,26,4,80,1,0
3083,26,5,80,1,0
3084,26,6,80,1,0
3085,26,7,80,1,0
3086,26,8,80,1,0
3087,26,9,80,1,0
3088,26,1,64,1,0
3089,26,2,64,1,0
3090,27,14,69,1,0
3091,27,15,69,1,0
3092,27,16,69,1,0
3093,27,10,10,1,0
3094,27,11,10,1,0
3095,27,12,10,1,0
3096,27,13,10,1,0
3097,27,3,47,1,0
3098,27,4,47,1,0
3099,27,5,47,1,0
3100,27,6,47,1,0
3101,27,7,47,1,0
3102,27,8,47,1,0
3103,27,9,47,1,0
3104,27,14,4,1,0
3105,27,15,4,1,0
3106,27,16,4,1,0
3107,27,1,83,2,0
3108,27,2,83,2,0
3109,27,17,34,1,0
3110,27,18,34,1,0
3111,27,19,34,1,0
3112,27,20,34,1,0
3113,27,21,34,1,0
3114,27,22,34,1,0
3115,27,23,34,1,0
3116,27,29,41,1,0
3117,27,30,41,1,0
3118,27,31,41,1,0
3119,27,32,41,1,0
3120,27,33,41,1,0
3121,27,34,41,1,0
3122,27,35,41,1,0
3123,27,36,41,1,0
3124,27,37,41,1,0
3125,27,38,41,1,0
3126,27,10,5,1,0
3127,27,11,5,1,0
3128,27,12,5,1,0
3129,27,13,5,1,0
3130,27,10,34,1,0
3131,27,11,34,1,0
3132,27,12,34,1,0
3133,27,13,34,1,0
3134,27,14,2,1,0
3135,27,15,2,1,0
3136,27,16,2,1,0
3137,27,14,40,2,0
3138,27,15,40,2,0
3139,27,16,40,2,0
3140,27,1,29,1,0
3141,27,2,29,1,0
3142,27,24,25,1,0
3143,27,25,25,1,0
3144,27,26,25,1,0
3145,27,27,25,1,0
3146,27,28,25,1,0
3147,27,14,76,1,0
3148,27,15,76,1,0
3149,27,16,76,1,0
3150,27,14,68,1,0
3151,27,15,68,1,0
3152,27,16,68,1,0
3153,27,39,9,2,0
3154,27,40,9,2,0
3155,27,41,9,2,0
3156,27,42,9,2,0
3157,27,24,38,1,0
3158,27,25,38,1,0
3159,27,26,38,1,0
3160,27,27,38,1,0
3161,27,28,38,1,0
3162,27,10,44,1,0
3163,27,11,44,1,0
3164,27,12,44,1,0
3165,27,13,44,1,0
3166,27,14,88,1,0
3167,27,15,88,1,0
3168,27,16,88,1,0
3169,27,10,32,1,0
3170,27,11,32,1,0
3171,27,12,32,1,0
3172,27,13,32,1,0
3173,27,29,12,1,0
3174,27,30,12,1,0
3175,27,31,12,1,0
3176,27,32,12,1,0
3177,27,33,12,1,0
3178,27,34,12,1,0
3179,27,35,12,1,0
3180,27,36,12,1,0
3181,27,37,12,1,0
3182,27,38,12,1,0
3183,27,10,63,1,0
3184,27,11,63,1,0
3185,27,12,63,1,0
3186,27,13,63,1,0
3187,27,3,49,1,0
3188,27,4,49,1,0
3189,27,5,49,1,0
3190,27,6,49,1,0
3191,27,7,49,1,0
3192,27,8,49,1,0
3193,27,9,49,1,0
3194,27,29,71,1,0
3195,27,30,71,1,0
3196,27,31,71,1,0
3197,27,32,71,1,0
3198,27,33,71,1,0
3199,27,34,71,1,0
3200,27,35,71,1,0
3201,27,36,71,1,0
3202,27,37,71,1,0
3203,27,38,71,1,0
3204,27,43,66,1,0
3205,27,44,66,1,0
3206,27,45,66,1,0
3207,27,46,66,1,0
3208,27,47,66,1,0
3209,27,48,66,1,0
3210,27,49,66,1,0
3211,27,14,11,1,0
3212,27,15,11,1,0
3213,27,16,11,1,0
3214,27,24,10,1,0
3215,27,25,10,1,0
3216,27,26,10,1,0
3217,27,27,10,1,0
3218,27,28,10,1,0
3219,27,14,52,1,0
3220,27,15,52,1,0
3221,27,16,52,1,0
3222,27,10,11,1,0
3223,27,11,11,1,0
3224,27,12,11,1,0
3225,27,13,11,1,0
3226,27,10,30,1,0
3227,27,11,30,1,0
3228,27,12,30,1,0
3229,27,13,30,1,0
3230,27,3,10,2,0
3231,27,4,10,2,0
3232,27,5,10,2,0
3233,27,6,10,2,0
3234,27,7,10,2,0
3235,27,8,10,2,0
3236,27,9,10,2,0
3237,27,1,49,1,0
3238,27,2,49,1,0
3239,27,43,68,1,0
3240,27,44,68,1,0
3241,27,45,68,1,0
3242,27,46,68,1,0
3243,27,47,68,1,0
3244,27,48,68,1,0
3245,27,49,68,1,0
3246,27,1,1,1,0
3247,27,2,1,1,0
3248,27,43,4,1,0
3249,27,44,4,1,0
3250,27,45,4,1,0
3251,27,46,4,1,0
3252,27,47,4,1,0
3253,27,48,4,1,0
3254,27,49,4,1,0
3255,27,17,47,1,0
3256,27,18,47,1,0
3257,27,19,47,1,0
3258,27,20,47,1,0
3259,27,21,47,1,0
3260,27,22,47,1,0
3261,27,23,47,1,0
3262,27,39,24,2,0
3263,27,40,24,2,0
3264,27,41,24,2,0
3265,27,42,24,2,0
3266,27,24,6,1,0
3267,27,25,6,1,0
3268,27,26,6,1,0
3269,27,27,6,1,0
3270,27,28,6,1,0
3271,27,39,35,1,0
3272,27,40,35,1,0
3273,27,41,35,1,0
3274,27,42,35,1,0
3275,27,29,54,1,0
3276,27,30,54,1,0
3277,27,31,54,1,0
3278,27,32,54,1,0
3279,27,33,54,1,0
3280,27,34,54,1,0
3281,27,35,54,1,0
3282,27,36,54,1,0
3283,27,37,54,1,0
3284,27,38,54,1,0
3285,27,24,31,1,0
3286,27,25,31,1,0
3287,27,26,31,1,0
3288,27,27,31,1,0
3289,27,28,31,1,0
3290,27,10,35,1,0
3291,27,11,35,1,0
3292,27,12,35,1,0
3293,27,13,35,1,0
3294,27,39,62,1,0
3295,27,40,62,1,0
3296,27,41,62,1,0
3297,27,42,62,1,0
3298,27,39,63,1,0
3299,27,40,63,1,0
3300,27,41,63,1,0
3301,27,42,63,1,0
3302,27,43,28,1,0
3303,27,44,28,1,0
3304,27,45,28,1,0
3305,27,46,28,1,0
3306,27,47,28,1,0
3307,27,48,28,1,0
3308,27,49,28,1,0
3309,27,10,74,1,0
3310,27,11,74,1,0
3311,27,12,74,1,0
3312,27,13,74,1,0
3313,27,24,55,1,0
3314,27,25,55,1,0
3315,27,26,55,1,0
3316,27,27,55,1,0
3317,27,28,55,1,0
3318,27,14,14,1,0
3319,27,15,14,1,0
3320,27,16,14,1,0
3321,27,3,79,1,0
3322,27,4,79,1,0
3323,27,5,79,1,0
3324,27,6,79,1,0
3325,27,7,79,1,0
3326,27,8,79,1,0
3327,27,9,79,1,0
3328,27,1,20,1,0
3329,27,2,20,1,0
3330,27,1,15,1,0
3331,27,2,15,1,0
3332,27,43,8,1,0
3333,27,44,8,1,0
3334,27,45,8,1,0
3335,27,46,8,1,0
3336,27,47,8,1,0
3337,27,48,8,1,0
3338,27,49,8,1,0
3339,27,3,26,1,0
3340,27,4,26,1,0
3341,27,5,26,1,0
3342,27,6,26,1,0
3343,27,7,26,1,0
3344,27,8,26,1,0
3345,27,9,26,1,0
3346,27,24,40,1,0
3347,27,25,40,1,0
3348,27,26,40,1,0
3349,27,27,40,1,0
3350,27,28,40,1,0
3351,27,10,75,1,0
3352,27,11,75,1,0
3353,27,12,75,1,0
3354,27,13,75,1,0
3355,27,1,10,1,0
3356,27,2,10,1,0
3357,27,1,35,1,0
3358,27,2,35,1,0
3359,27,43,50,1,0
3360,27,44,50,1,0
3361,27,45,50,1,0
3362,27,46,50,1,0
3363,27,47,50,1,0
3364,27,48,50,1,0
3365,27,49,50,1,0
3366,27,39,20,1,0
3367,27,40,20,1,0
3368,27,41,20,1,0
3369,27,42,20,1,0
3370,27,14,24,1,0
3371,27,15,24,1,0
3372,27,16,24,1,0
3373,27,1,34,1,0
3374,27,2,34,1,0
3375,27,3,71,1,0
3376,27,4,71,1,0
3377,27,5,71,1,0
3378,27,6,71,1,0
3379,27,7,71,1,0
3380,27,8,71,1,0
3381,27,9,71,1,0
3382,27,1,71,1,0
3383,27,2,71,1,0
3384,27,3,37,1,0
3385,27,4,37,1,0
3386,27,5,37,1,0
3387,27,6,37,1,0
3388,27,7,37,1,0
3389,27,8,37,1,0
3390,27,9,37,1,0
3391,27,39,54,1,0
3392,27,40,54,1,0
3393,27,41,54,1,0
3394,27,42,54,1,0
3395,27,39,19,1,0
3396,27,40,19,1,0
3397,27,41,19,1,0
3398,27,42,19,1,0
3399,27,10,65,1,0
3400,27,11,65,1,0
3401,27,12,65,1,0
3402,27,13,65,1,0
3403,27,3,61,1,0
3404,27,4,61,1,0
3405,27,5,61,1,0
3406,27,6,61,1,0
3407,27,7,61,1,0
3408,27,8,61,1,0
3409,27,9,61,1,0
3410,28,3,20,1,0
3411,28,4,20,1,0
3412,28,5,20,1,0
3413,28,6,20,1,0
3414,28,7,20,1,0
3415,28,8,20,1,0
3416,28,9,20,1,0
3417,28,1,63,1,0
3418,28,2,63,1,0
3419,28,1,77,1,0
3420,28,2,77,1,0
3421,28,29,24,1,0
3422,28,30,24,1,0
3423,28,31,24,1,0
3424,28,32,24,1,0
3425,28,33,24,1,0
3426,28,34,24,1,0
3427,28,35,24,1,0
3428,28,36,24,1,0
3429,28,37,24,1,0
3430,28,38,24,1,0
3431,28,3,83,1,0
3432,28,4,83,1,0
3433,28,5,83,1,0
3434,28,6,83,1,0
3435,28,7,83,1,0
3436,28,8,83,1,0
3437,28,9,83,1,0
3438,28,1,58,1,0
3439,28,2,58,1,0
3440,28,14,63,1,0
3441,28,15,63,1,0
3442,28,16,63,1,0
3443,28,39,46,1,0
3444,28,40,46,1,0
3445,28,41,46,1,0
3446,28,42,46,1,0
3447,28,39,91,1,0
3448,28,40,91,1,0
3449,28,41,91,1,0
3450,28,42,91,1,0
3451,28,24,56,1,0
3452,28,25,56,1,0
3453,28,26,56,1,0
3454,28,27,56,1,0
3455,28,28,56,1,0
3456,28,3,65,1,0
3457,28,4,65,1,0
3458,28,5,65,1,0
3459,28,6,65,1,0
3460,28,7,65,1,0
3461,28,8,65,1,0
3462,28,9,65,1,0
3463,28,3,24,1,0
3464,28,4,24,1,0
3465,28,5,24,1,0
3466,28,6,24,1,0
3467,28,7,24,1,0
3468,28,8,24,1,0
3469,28,9,24,1,0
3470,28,14,71,1,0
3471,28,15,71,1,0
3472,28,16,71,1,0
3473,28,10,78,1,0
3474,28,11,78,1,0
3475,28,12,78,1,0
3476,28,13,78,1,0
3477,28,10,50,1,0
3478,28,11,50,1,0
3479,28,12,50,1,0
3480,28,13,50,1,0
3481,28,3,90,1,0
3482,28,4,90,1,0
3483,28,5,90,1,0
3484,28,6,90,1,0
3485,28,7,90,1,0
3486,28,8,90,1,0
3487,28,9,90,1,0
3488,28,10,32,1,0
3489,28,11,32,1,0
3490,28,12,32,1,0
3491,28,13,32,1,0
3492,28,39,60,1,0
3493,28,40,60,1,0
3494,28,41,60,1,0
3495,28,42,60,1,0
3496,28,29,20,0,1
3497,28,30,20,0,1
3498,28,31,20,0,1
3499,28,32,20,0,1
3500,28,33,20,0,1
3501,28,34,20,0,1
3502,28,35,20,0,1
3503,28,36,20,0,1
3504,28,37,20,0,1
3505,28,38,20,0,1
3506,28,3,30,1,0
3507,28,4,30,1,0
3508,28,5,30,1,0
3509,28,6,30,1,0
3510,28,7,30,1,0
3511,28,8,30,1,0
3512,28,9,30,1,0
3513,28,3,66,1,0
3514,28,4,66,1,0
3515,28,5,66,1,0
3516,28,6,66,1,0
3517,28,7,66,1,0
3518,28,8,66,1,0
3519,28,9,66,1,0
3520,28,10,1,1,0
3521,28,11,1,1,0
3522,28,12,1,1,0
3523,28,13,1,1,0
3524,28,1,25,1,0
3525,28,2,25,1,0
3526,28,3,69,1,0
3527,28,4,69,1,0
3528,28,5,69,1,0
3529,28,6,69,1,0
3530,28,7,69,1,0
3531,28,8,69,1,0
3532,28,9,69,1,0
3533,28,3,47,1,0
3534,28,4,47,1,0
3535,28,5,47,1,0
3536,28,6,47,1,0
3537,28,7,47,1,0
3538,28,8,47,1,0
3539,28,9,47,1,0
3540,28,3,70,1,0
3541,28,4,70,1,0
3542,28,5,70,1,0
3543,28,6,70,1,0
3544,28,7,70,1,0
3545,28,8,70,1,0
3546,28,9,70,1,0
3547,28,43,4,1,0
3548,28,44,4,1,0
3549,28,45,4,1,0
3550,28,46,4,1,0
3551,28,47,4,1,0
3552,28,48,4,1,0
3553,28,49,4,1,0
3554,28,43,20,1,0
3555,28,44,20,1,0
3556,28,45,20,1,0
3557,28,46,20,1,0
3558,28,47,20,1,0
3559,28,48,20,1,0
3560,28,49,20,1,0
3561,28,14,48,1,0
3562,28,15,48,1,0
3563,28,16,48,1,0
3564,28,24,64,0,1
3565,28,25,64,0,1
3566,28,26,64,0,1
3567,28,27,64,0,1
3568,28,28,64,0,1
3569,28,3,56,1,0
3570,28,4,56,1,0
3571,28,5,56,1,0
3572,28,6,56,1,0
3573,28,7,56,1,0
3574,28,8,56,1,0
3575,28,9,56,1,0
3576,28,10,63,1,0
3577,28,11,63,1,0
3578,28,12,63,1,0
3579,28,13,63,1,0
3580,28,43,34,1,0
3581,28,44,34,1,0
3582,28,45,34,1,0
3583,28,46,34,1,0
3584,28,47,34,1,0
3585,28,48,34,1,0
3586,28,49,34,1,0
3587,28,1,11,1,0
3588,28,2,11,1,0
3589,28,14,19,1,0
3590,28,15,19,1,0
3591,28,16,19,1,0
3592,28,24,87,1,0
3593,28,25,87,1,0
3594,28,26,87,1,0
3595,28,27,87,1,0
3596,28,28,87,1,0
3597,28,14,27,1,0
3598,28,15,27,1,0
3599,28,16,27,1,0
3600,28,1,10,1,0
3601,28,2,10,1,0
3602,28,3,39,1,0
3603,28,4,39,1,0
3604,28,5,39,1,0
3605,28,6,39,1,0
3606,28,7,39,1,0
3607,28,8,39,1,0
3608,28,9,39,1,0
3609,28,14,14,1,0
3610,28,15,14,1,0
3611,28,16,14,1,0
3612,28,29,71,1,0
3613,28,30,71,1,0
3614,28,31,71,1,0
3615,28,32,71,1,0
3616,28,33,71,1,0
3617,28,34,71,1,0
3618,28,35,71,1,0
3619,28,36,71,1,0
3620,28,37,71,1,0
3621,28,38,71,1,0
3622,28,24,71,1,0
3623,28,25,71,1,0
3624,28,26,71,1,0
3625,28,27,71,1,0
3626,28,28,71,1,0
3627,28,3,89,1,0
3628,28,4,89,1,0
3629,28,5,89,1,0
3630,28,6,89,1,0
3631,28,7,89,1,0
3632,28,8,89,1,0
3633,28,9,89,1,0
3634,28,29,68,1,0
3635,28,30,68,1,0
3636,28,31,68,1,0
3637,28,32,68,1,0
3638,28,33,68,1,0
3639,28,34,68,1,0
3640,28,35,68,1,0
3641,28,36,68,1,0
3642,28,37,68,1,0
3643,28,38,68,1,0
3644,28,39,55,1,0
3645,28,40,55,1,0
3646,28,41,55,1,0
3647,28,42,55,1,0
3648,28,3,76,1,0
3649,28,4,76,1,0
3650,28,5,76,1,0
3651,28,6,76,1,0
3652,28,7,76,1,0
3653,28,8,76,1,0
3654,28,9,76,1,0
3655,28,39,17,1,0
3656,28,40,17,1,0
3657,28,41,17,1,0
3658,28,42,17,1,0
3659,28,29,30,1,0
3660,28,30,30,1,0
3661,28,31,30,1,0
3662,28,32,30,1,0
3663,28,33,30,1,0
3664,28,34,30,1,0
3665,28,35,30,1,0
3666,28,36,30,1,0
3667,28,37,30,1,0
3668,28,38,30,1,0
3669,28,1,76,1,0
3670,28,2,76,1,0
3671,28,1,47,0,1
3672,28,2,47,0,1
3673,28,14,32,0,2
3674,28,15,32,0,2
3675,28,16,32,0,2
3676,28,10,14,1,0
3677,28,11,14,1,0
3678,28,12,14,1,0
3679,28,13,14,1,0
3680,28,3,15,1,0
3681,28,4,15,1,0
3682,28,5,15,1,0
3683,28,6,15,1,0
3684,28,7,15,1,0
3685,28,8,15,1,0
3686,28,9,15,1,0
3687,28,17,74,1,0
3688,28,18,74,1,0
3689,28,19,74,1,0
3690,28,20,74,1,0
3691,28,21,74,1,0
3692,28,22,74,1,0
3693,28,23,74,1,0
3694,28,14,91,1,0
3695,28,15,91,1,0
3696,28,16,91,1,0
3697,28,24,10,0,1
3698,28,25,10,0,1
3699,28,26,10,0,1
3700,28,27,10,0,1
3701,28,28,10,0,1
3702,28,39,86,1,0
3703,28,40,86,1,0
3704,28,41,86,1,0
3705,28,42,86,1,0
3706,28,29,19,1,0
3707,28,30,19,1,0
3708,28,31,19,1,0
3709,28,32,19,1,0
3710,28,33,19,1,0
3711,28,34,19,1,0
3712,28,35,19,1,0
3713,28,36,19,1,0
3714,28,37,19,1,0
3715,28,38,19,1,0
3716,28,29,10,1,0
3717,28,30,10,1,0
3718,28,31,10,1,0
3719,28,32,10,1,0
3720,28,33,10,1,0
3721,28,34,10,1,0
3722,28,35,10,1,0
3723,28,36,10,1,0
3724,28,37,10,1,0
3725,28,38,10,1,0
3726,28,10,31,1,0
3727,28,11,31,1,0
3728,28,12,31,1,0
3729,28,13,31,1,0
3730,28,39,24,1,0
3731,28,40,24,1,0
3732,28,41,24,1,0
3733,28,42,24,1,0
3734,28,29,41,0,1
3735,28,30,41,0,1
3736,28,31,41,0,1
3737,28,32,41,0,1
3738,28,33,41,0,1
3739,28,34,41,0,1
3740,28,35,41,0,1
3741,28,36,41,0,1
3742,28,37,41,0,1
3743,28,38,41,0,1
3744,28,10,34,1,0
3745,28,11,34,1,0
3746,28,12,34,1,0
3747,28,13,34,1,0
3748,28,3,59,1,0
3749,28,4,59,1,0
3750,28,5,59,1,0
3751,28,6,59,1,0
3752,28,7,59,1,0
3753,28,8,59,1,0
3754,28,9,59,1,0
3755,28,39,12,0,1
3756,28,40,12,0,1
3757,28,41,12,0,1
3758,28,42,12,0,1
3759,28,29,35,1,0
3760,28,30,35,1,0
3761,28,31,35,1,0
3762,28,32,35,1,0
3763,28,33,35,1,0
3764,28,34,35,1,0
3765,28,35,35,1,0
3766,28,36,35,1,0
3767,28,37,35,1,0
3768,28,38,35,1,0
3769,28,39,19,1,0
3770,28,40,19,1,0
3771,28,41,19,1,0
3772,28,42,19,1,0
3773,28,10,53,1,0
3774,28,11,53,1,0
3775,28,12,53,1,0
3776,28,13,53,1,0
3777,28,43,6,0,1
3778,28,44,6,0,1
3779,28,45,6,0,1
3780,28,46,6,0,1
3781,28,47,6,0,1
3782,28,48,6,0,1
3783,28,49,6,0,1
3784,28,3,67,0,1
3785,28,4,67,0,1
3786,28,5,67,0,1
3787,28,6,67,0,1
3788,28,7,67,0,1
3789,28,8,67,0,1
3790,28,9,67,0,1
3791,28,3,27,1,0
3792,28,4,27,1,0
3793,28,5,27,1,0
3794,28,6,27,1,0
3795,28,7,27,1,0
3796,28,8,27,1,0
3797,28,9,27,1,0
3798,28,14,66,0,1
3799,28,15,66,0,1
3800,28,16,66,0,1
3801,28,10,37,1,0
3802,28,11,37,1,0
3803,28,12,37,1,0
3804,28,13,37,1,0
3805,29,1,71,1,0
3806,29,2,71,1,0
3807,29,39,46,0,1
3808,29,40,46,0,1
3809,29,41,46,0,1
3810,29,42,46,0,1
3811,29,29,89,1,0
3812,29,30,89,1,0
3813,29,31,89,1,0
3814,29,32,89,1,0
3815,29,33,89,1,0
3816,29,34,89,1,0
3817,29,35,89,1,0
3818,29,36,89,1,0
3819,29,37,89,1,0
3820,29,38,89,1,0
3821,29,1,17,1,0
3822,29,2,17,1,0
3823,29,39,62,0,1
3824,29,40,62,0,1
3825,29,41,62,0,1
3826,29,42,62,0,1
3827,29,1,80,1,0
3828,29,2,80,1,0
3829,29,3,44,0,1
3830,29,4,44,0,1
3831,29,5,44,0,1
3832,29,6,44,0,1
3833,29,7,44,0,1
3834,29,8,44,0,1
3835,29,9,44,0,1
3836,29,1,46,0,1
3837,29,2,46,0,1
3838,29,14,20,0,1
3839,29,15,20,0,1
3840,29,16,20,0,1
3841,29,3,58,0,1
3842,29,4,58,0,1
3843,29,5,58,0,1
3844,29,6,58,0,1
3845,29,7,58,0,1
3846,29,8,58,0,1
3847,29,9,58,0,1
3848,29,29,73,0,1
3849,29,30,73,0,1
3850,29,31,73,0,1
3851,29,32,73,0,1
3852,29,33,73,0,1
3853,29,34,73,0,1
3854,29,35,73,0,1
3855,29,36,73,0,1
3856,29,37,73,0,1
3857,29,38,73,0,1
3858,29,39,68,0,1
3859,29,40,68,0,1
3860,29,41,68,0,1
3861,29,42,68,0,1
3862,29,14,9,0,1
3863,29,15,9,0,1
3864,29,16,9,0,1
3865,29,1,65,0,1
3866,29,2,65,0,1
3867,121,52,95,1,0
3868,121,53,103,1,0
3869,121,55,99,1,0
3870,121,58,118,1,0
3871,122,52,120,1,0
3872,122,53,94,1,0
3873,122,58,95,1,0
3874,123,50,92,0,1
3875,123,50,98,0,1
3876,123,50,101,1,0
3877,123,50,102,0,1
3878,123,52,99,1,0
3879,123,53,101,1,0
3880,123,57,97,1,0
3881,123,58,119,1,0
3882,124,50,119,1,0
3883,124,50,120,1,0
3884,124,51,94,0,1
3885,124,51,95,0,1
3886,124,51,97,1,0
3887,124,52,95,1,0
3888,124,52,120,1,0
3889,124,53,94,1,0
3890,124,53,99,1,0
3891,124,53,103,1,0
3892,124,55,97,1,0
3893,124,55,99,1,0
3894,124,56,100,1,0
3895,124,58,95,1,0
3896,124,58,116,1,0
3897,124,58,117,1,0
3898,124,58,118,1,0
3899,125,50,92,0,1
3900,125,50,98,0,1
3901,125,50,101,0,1
3902,125,50,102,0,1
3903,125,52,99,1,0
3904,125,53,101,1,0
3905,125,57,97,1,0
3906,125,58,119,1,0
3907,126,50,119,1,0
3908,126,50,120,1,0
3909,126,51,97,1,0
3910,126,53,99,1,0
3911,126,55,97,1,0
3912,126,56,100,1,0
3913,126,58,116,1,0
3914,126,58,117,1,0
